Workbook

Sheet Members
A1: ลำดับ | B1: ชื่อ - สกุล | C1: ชื่อเล่น | D1: เบอร์โทร | E1: เลขบัญชี | F1: ตัวย่อธนาคาร | G1: ชื่อธนาคาร | H1: สังกัด | I1: วันที่เริ่มงาน
A2: 1 | B2: ธัญชนก เรืองฤทธิ์ | C2: ธัญ | D2: 0915519826 | E2: 1811299134 | F2: K-BANK | G2: =IFERROR(_xlfn.XLOOKUP(F2,K:K,L:L),"") | H2: BM1
A3: 2 | B3: ธนาธิป ควรสำโรง | C3: ดรีม | D3: 0930696696 | E3: 1218153972 | F3: K-BANK | G3: =IFERROR(_xlfn.XLOOKUP(F3,K:K,L:L),"") | H3: BM1 | K3: BANK NAME | L3: BANK NAME (THAI)
A4: 3 | B4: ปนิดา กะประโคน | C4: โบนัส | D4: 0803726832 | E4: 7420348547 | F4: BBL | G4: =IFERROR(_xlfn.XLOOKUP(F4,K:K,L:L),"") | H4: BM1 | K4: K-BANK | L4: กสิกรไทย
A5: 4 | B5: ฮาดีบ๊ะ ตีเยาะ | C5: บ้ะ | D5: 0926867010 | E5: 9020252285 | F5: BBL | G5: =IFERROR(_xlfn.XLOOKUP(F5,K:K,L:L),"") | H5: BM1 | K5: BBL | L5: กรุงเทพ
A6: 5 | B6: เกณิกา ฐาณัตตระกูล | C6: เก | D6: 0636209425 | E6: 9219444982 | F6: TTB | G6: =IFERROR(_xlfn.XLOOKUP(F6,K:K,L:L),"") | H6: BM1 | K6: GSB | L6: ออมสิน
A7: 6 | B7: อรุณี ต้นฟู | C7: ผึ้ง | D7: 0979243743 | E7: 4081849057 | F7: SCB | G7: =IFERROR(_xlfn.XLOOKUP(F7,K:K,L:L),"") | H7: BM1 | K7: BAY | L7: กรุงศรีอยุธยา
A8: 7 | B8: ฟารดา สารจันทร์ | C8: ฟาน | D8: 0937412326 | E8: 4113361800 | F8: KTB | G8: =IFERROR(_xlfn.XLOOKUP(F8,K:K,L:L),"") | H8: BM1 | K8: SCB | L8: ไทยพาณิชย์
A9: 8 | B9: ตูแวยะ ลอมะ | C9: ยะห์ | D9: 0968944755 | E9: 1924391905 | F9: BBL | G9: =IFERROR(_xlfn.XLOOKUP(F9,K:K,L:L),"") | H9: BM1 | K9: KTB | L9: กรุงไทย
A10: 9 | B10: สาธิกา ชาญกล | C10: ลูกอิน | D10: 0980549042 | E10: 4200292566 | F10: BBL | G10: =IFERROR(_xlfn.XLOOKUP(F10,K:K,L:L),"") | H10: BM1 | K10: TTB | L10: ทหารไทยธนชาต จำกัด (มหาชน)
A11: 10 | B11: สุริยะ สาลีทอง | C11: ต้น | D11: - | E11: 052630993385 | F11: GSB | G11: =IFERROR(_xlfn.XLOOKUP(F11,K:K,L:L),"") | H11: BM3 | K11: KKP | L11: เกียรตินาคิน
A12: 11 | B12: พงษ์ทวี เข็มเพ็ชร | C12: เบียร์ | D12: 0829701196 | E12: 2012804468 | F12: SCB | G12: =IFERROR(_xlfn.XLOOKUP(F12,K:K,L:L),"") | H12: BM1 | K12: BAAC | L12: ธ.ก.ส.
A13: 12 | B13: ธนสิน จินดามณี | C13: ออม | D13: 0986732294 | E13: 2012855964 | F13: SCB | G13: =IFERROR(_xlfn.XLOOKUP(F13,K:K,L:L),"") | H13: BM1 | K13: UOB | L13: ยูโอบี
A14: 13 | B14: ยุภา พุทธรัตน์ | C14: ก้อย | D14: 0981655859 | E14: 4321404575 | F14: SCB | G14: =IFERROR(_xlfn.XLOOKUP(F14,K:K,L:L),"") | H14: BM1
A15: 14 | B15: อมรา ปรีชาชาญ | C15: หนิง | D15: 0924968786 | E15: 1462883642 | F15: SCB | G15: =IFERROR(_xlfn.XLOOKUP(F15,K:K,L:L),"") | H15: BM1
A16: 15 | B16: สุริยา ลีมา | C16: ยิ้ว | D16: - | E16: 4322087334 | F16: SCB | G16: =IFERROR(_xlfn.XLOOKUP(F16,K:K,L:L),"") | H16: BM2
A17: 16 | B17: โนรี เต็งโลง | C17: โนรี | D17: 0980670279 | E17: 2182901441 | F17: SCB | G17: =IFERROR(_xlfn.XLOOKUP(F17,K:K,L:L),"") | H17: BM2
A18: 17 | B18: มาติกา โปจีน | D18: - | E18: 2892319976 | F18: SCB | G18: =IFERROR(_xlfn.XLOOKUP(F18,K:K,L:L),"")
A19: 18 | B19: จันทร์วิมล เครือษา | C19: มล | D19: 0858687797 | E19: 3472880181 | F19: SCB | G19: =IFERROR(_xlfn.XLOOKUP(F19,K:K,L:L),"")
A20: 19 | B20: ณัฎฐณิชา เครือแสง | D20: - | E20: 4362076351 | F20: SCB | G20: =IFERROR(_xlfn.XLOOKUP(F20,K:K,L:L),"")
A21: 20 | B21: หทัยชนก อัษดา | D21: - | E21: 4351599641 | F21: SCB | G21: =IFERROR(_xlfn.XLOOKUP(F21,K:K,L:L),"")
A22: 21 | B22: สุรชาติ ดีกล้า | C22: กุ้ง | D22: 0612768766 | E22: 4058661244 | F22: SCB | G22: =IFERROR(_xlfn.XLOOKUP(F22,K:K,L:L),"") | H22: BM1
A23: 22 | B23: สว่าง ศิริมานพ | D23: - | E23: 0659760581 | F23: K-BANK | G23: =IFERROR(_xlfn.XLOOKUP(F23,K:K,L:L),"")
A24: 23 | B24: โยษิตา เขียวคำรพ | C24: จูน | D24: 0639767091 | E24: 0371392831 | F24: K-BANK | G24: =IFERROR(_xlfn.XLOOKUP(F24,K:K,L:L),"") | H24: BM1
A25: 24 | B25: จิรายุ เตชวรกิตติ์ | D25: - | E25: 0391809755 | F25: K-BANK | G25: =IFERROR(_xlfn.XLOOKUP(F25,K:K,L:L),"")
A26: 25 | B26: พีรพงษ์ บุญกล้า | D26: - | E26: 0663486047 | F26: K-BANK | G26: =IFERROR(_xlfn.XLOOKUP(F26,K:K,L:L),"")
A27: 26 | B27: ญาณิศา ยังเรือน | D27: - | E27: 2038243937 | F27: K-BANK | G27: =IFERROR(_xlfn.XLOOKUP(F27,K:K,L:L),"")
A28: 27 | B28: ญาดา กูใหญ่ | D28: - | E28: 1528436168 | F28: K-BANK | G28: =IFERROR(_xlfn.XLOOKUP(F28,K:K,L:L),"")
A29: 28 | B29: ปทิตตา มีทรัพย์ | D29: - | E29: 0918551158 | F29: K-BANK | G29: =IFERROR(_xlfn.XLOOKUP(F29,K:K,L:L),"")
A30: 29 | B30: ธิดารัตน์ บุญกำเนิด | D30: - | E30: 1552655474 | F30: K-BANK | G30: =IFERROR(_xlfn.XLOOKUP(F30,K:K,L:L),"")
A31: 30 | B31: อภิวัฒ์ คงโต | D31: - | E31: 0213893777 | F31: K-BANK | G31: =IFERROR(_xlfn.XLOOKUP(F31,K:K,L:L),"")
A32: 31 | B32: โอภาส สืบสม | D32: - | E32: 7510035863 | F32: BBL | G32: =IFERROR(_xlfn.XLOOKUP(F32,K:K,L:L),"")
A33: 32 | B33: อภิชาติ เปี่ยมจริยกุล | D33: - | E33: 1300909585 | F33: BBL | G33: =IFERROR(_xlfn.XLOOKUP(F33,K:K,L:L),"")
A34: 33 | B34: อรรถกร เปี่ยมจริยกุล | D34: - | E34: 8650680955 | F34: BBL | G34: =IFERROR(_xlfn.XLOOKUP(F34,K:K,L:L),"")
A35: 34 | B35: น้ำทิพย์ คำสุข | C35: อ้อย | D35: 0825088928 | E35: 3330764066 | F35: KTB | G35: =IFERROR(_xlfn.XLOOKUP(F35,K:K,L:L),"")
A36: 35 | B36: ณัฐชา สนทาธร | D36: - | E36: 4883407748 | F36: KTB | G36: =IFERROR(_xlfn.XLOOKUP(F36,K:K,L:L),"")
A37: 36 | B37: นันท์นภัส วงคีรี | D37: - | E37: 4580363620 | F37: KTB | G37: =IFERROR(_xlfn.XLOOKUP(F37,K:K,L:L),"")
A38: 37 | B38: พัชรินทร์ ลุกันทา | D38: - | E38: 7690184278 | F38: KTB | G38: =IFERROR(_xlfn.XLOOKUP(F38,K:K,L:L),"")
A39: 38 | B39: อาชานัย ปานกุล | C39: เป็ก | D39: 0967746948 | E39: 5770449012 | F39: KTB | G39: =IFERROR(_xlfn.XLOOKUP(F39,K:K,L:L),"") | H39: BM1
A40: 39 | B40: กมลลักษณ์ พัดพรม | D40: 0658702122 | E40: 0658702122 | F40: K-BANK | G40: =IFERROR(_xlfn.XLOOKUP(F40,K:K,L:L),"")
A41: 40 | B41: วนิดา ศรีจันทร์ | D41: - | E41: 4065426546 | F41: SCB | G41: =IFERROR(_xlfn.XLOOKUP(F41,K:K,L:L),"")
A42: 41 | B42: เสาวลักษณ์ อารักษ์ | D42: - | E42: 4121507337 | F42: SCB | G42: =IFERROR(_xlfn.XLOOKUP(F42,K:K,L:L),"")
A43: 42 | B43: เพ็ญศรี สระแก้ว | D43: - | E43: 4331795940 | F43: SCB | G43: =IFERROR(_xlfn.XLOOKUP(F43,K:K,L:L),"")
A44: 43 | B44: พัฒนพงษ์ มุดไกว้ | D44: - | E44: - | F44: SCB | G44: =IFERROR(_xlfn.XLOOKUP(F44,K:K,L:L),"")
A45: 44 | B45: ธนากร กะนะฮาด | D45: - | E45: 4120620823 | F45: SCB | G45: =IFERROR(_xlfn.XLOOKUP(F45,K:K,L:L),"")
A46: 45 | B46: ภูวนัย ไชพจักร์ | D46: - | E46: 2011938119 | F46: K-BANK | G46: =IFERROR(_xlfn.XLOOKUP(F46,K:K,L:L),"")
A47: 46 | B47: เจนจิรา กลิ่นสุวรรณ | D47: - | E47: 0011665586 | F47: K-BANK | G47: =IFERROR(_xlfn.XLOOKUP(F47,K:K,L:L),"")
A48: 47 | B48: ศิรินภา ปรางคลัง | C48: นุช | D48: - | E48: 7192338620 | F48: SCB | G48: =IFERROR(_xlfn.XLOOKUP(F48,K:K,L:L),"")
A49: 48 | B49: จิดาภา แดงประสิทธิ์ | C49: ใบเตย | D49: 0624328501 | E49: 0191869532 | F49: K-BANK | G49: =IFERROR(_xlfn.XLOOKUP(F49,K:K,L:L),"") | H49: BM2
A50: 49 | B50: อำพล ต้องเดช | D50: - | E50: 3970684282 | F50: BBL | G50: =IFERROR(_xlfn.XLOOKUP(F50,K:K,L:L),"")
A51: 50 | B51: ณัฏฐธิดา สุระทม | D51: - | E51: 1674117251 | F51: SCB | G51: =IFERROR(_xlfn.XLOOKUP(F51,K:K,L:L),"")
A52: 51 | B52: รัฐชภูมิ วันเวช | D52: - | E52: 1658583995 | F52: K-BANK | G52: =IFERROR(_xlfn.XLOOKUP(F52,K:K,L:L),"")
A53: 52 | B53: นฤมล ชุนชำนิ | D53: - | E53: 2098270089 | F53: K-BANK | G53: =IFERROR(_xlfn.XLOOKUP(F53,K:K,L:L),"")
A54: 53 | B54: อรัญญา จอมหงษ์ | D54: - | E54: 2071734458 | F54: K-BANK | G54: =IFERROR(_xlfn.XLOOKUP(F54,K:K,L:L),"")
A55: 54 | B55: ไอลดา เข่งเฮง | D55: - | E55: 4321990356 | F55: SCB | G55: =IFERROR(_xlfn.XLOOKUP(F55,K:K,L:L),"")
A56: 55 | B56: พัฒนพงษ์ มูลโค้ว | D56: - | E56: - | F56: SCB | G56: =IFERROR(_xlfn.XLOOKUP(F56,K:K,L:L),"")
A57: 56 | B57: พรกมล ดวงมาลา | C57: บี | D57: 0992417571 | E57: 2073596907 | F57: K-BANK | G57: =IFERROR(_xlfn.XLOOKUP(F57,K:K,L:L),"") | H57: BM1
A58: 57 | B58: กาญจนาธิป บุญฑล | D58: - | E58: 1771266874 | F58: K-BANK | G58: =IFERROR(_xlfn.XLOOKUP(F58,K:K,L:L),"")
A59: 58 | B59: ใหญ่ ใดรินทร์ | C59: ใหญ่ | D59: - | E59: - | F59: KTB | G59: =IFERROR(_xlfn.XLOOKUP(F59,K:K,L:L),"") | H59: BM1
A60: 59 | B60: จุฑามาศ ทองกระจ่าง | C60: โบตั๋น | D60: 0656101093 | E60: 4093095050 | F60: SCB | G60: =IFERROR(_xlfn.XLOOKUP(F60,K:K,L:L),"")
A61: 60 | B61: วรรณา ข้อสกุล | D61: - | E61: 1308654261 | F61: K-BANK | G61: =IFERROR(_xlfn.XLOOKUP(F61,K:K,L:L),"") | H61: BM1
A62: 61 | B62: รูซนานี ลอมะ | C62: นานี | D62: - | E62: - | F62: K-BANK | G62: =IFERROR(_xlfn.XLOOKUP(F62,K:K,L:L),"") | H62: BM1
A63: 62 | B63: ประภัสสร แก้วบัวเคน | C63: เมษ์ | D63: 0617811439 | E63: 5304099094 | F63: SCB | G63: =IFERROR(_xlfn.XLOOKUP(F63,K:K,L:L),"") | H63: BM1
A64: 63 | B64: อิสรศักดิ์ เวยสาร | C64: ราม | D64: - | E64: - | F64: K-BANK | G64: =IFERROR(_xlfn.XLOOKUP(F64,K:K,L:L),"") | H64: BM1
A65: 64 | B65: ชนัดดา พันต่วน | C65: บิว | D65: 0992293627 | E65: 0663928651 | F65: K-BANK | G65: =IFERROR(_xlfn.XLOOKUP(F65,K:K,L:L),"") | H65: BM3
A66: 65 | B66: ศุภชัย ลีลาจันทร์ | C66: มีน | D66: 0918086610 | E66: 1101926199 | F66: K-BANK | G66: =IFERROR(_xlfn.XLOOKUP(F66,K:K,L:L),"") | H66: BM3
A67: 67 | B67: คุณวุฒิ เรืองพงษ์ | C67: ป๋อ | D67: - | E67: - | F67: SCB | G67: =IFERROR(_xlfn.XLOOKUP(F67,K:K,L:L),"") | H67: BM1
A68: 68 | B68: กัณญาณัฐ เพชรจำรัส | C68: ปลา | D68: - | E68: - | F68: K-BANK | G68: =IFERROR(_xlfn.XLOOKUP(F68,K:K,L:L),"") | H68: BM1
A69: 69 | B69: จรุณ กอมณี | C69: ต๋อม | D69: 0980508740 | E69: 2168519640 | F69: K-BANK | G69: =IFERROR(_xlfn.XLOOKUP(F69,K:K,L:L),"") | H69: BM1
A70: 70 | B70: รวินท์นิภา คงทะเล | C70: นุ่น | D70: 0937128710 | E70: 4132221348 | F70: SCB | G70: =IFERROR(_xlfn.XLOOKUP(F70,K:K,L:L),"") | H70: BM1
A71: 71 | B71: มูฮำหมัด เจ๊ะยอ | D71: 0983468389 | E71: 1538799498 | F71: K-BANK | G71: =IFERROR(_xlfn.XLOOKUP(F71,K:K,L:L),"") | H71: BM3
A72: 72 | B72: พรนัชชา มังศรี | C72: พลอย | D72: 0825634419 | E72: 0732806318 | F72: K-BANK | G72: =IFERROR(_xlfn.XLOOKUP(F72,K:K,L:L),"") | H72: BM3
A73: 73 | B73: จิราภรณ์ ปราบพาล | C73: นัท | D73: 0966321969 | E73: 2112315660 | F73: SCB | G73: =IFERROR(_xlfn.XLOOKUP(F73,K:K,L:L),"") | H73: BM3
A74: 74 | B74: อาแดล เจะนิ | C74: ดิว | D74: 0650737246 | E74: 9323656178 | F74: KTB | G74: =IFERROR(_xlfn.XLOOKUP(F74,K:K,L:L),"") | H74: BM3
A75: 75 | B75: จีรนันท์ มณฑาทิพยา | C75: น้อย | D75: 0969680624 | E75: 0362751685 | F75: K-BANK | G75: =IFERROR(_xlfn.XLOOKUP(F75,K:K,L:L),"") | H75: BM3
A76: 76 | B76: อภิรักษ์ ฤทธิราช | C76: จูเนียร์ | D76: 0955392221 | E76: 1822468027 | F76: K-BANK | G76: =IFERROR(_xlfn.XLOOKUP(F76,K:K,L:L),"") | H76: BMN
A77: 77 | B77: สุธินันท์ แสนกล้า | C77: โต๋ | D77: 0902193162 | E77: 1528601037 | F77: K-BANK | G77: =IFERROR(_xlfn.XLOOKUP(F77,K:K,L:L),"") | H77: BMN
A78: 78 | B78: นันทวรรณ บัวทอง | C78: บีม | D78: 0627478991 | E78: 1048647398 | F78: K-BANK | G78: =IFERROR(_xlfn.XLOOKUP(F78,K:K,L:L),"") | H78: BMN
A79: 79 | B79: วรรณา ปะโนรัมย์ | C79: หยก | D79: 0993034257 | E79: 1863708911 | F79: K-BANK | G79: =IFERROR(_xlfn.XLOOKUP(F79,K:K,L:L),"") | H79: BM3
A80: 80 | B80: มูฮัมหมัดบุรฮาน สะเต๊าะ | C80: อัง | D80: 0957989348 | E80: 9090977007 | F80: KTB | G80: =IFERROR(_xlfn.XLOOKUP(F80,K:K,L:L),"") | H80: BM3
A81: 81 | B81: ปฏิพล ประเสริประเสริฐสังข์ | C81: อาร์ท | D81: - | E81: - | F81: K-BANK | G81: =IFERROR(_xlfn.XLOOKUP(F81,K:K,L:L),"") | H81: BM3
A82: 82 | B82: แพรววา มะอยู่เที่ยง | C82: แพรววา | D82: 0654177313 | E82: 4351669470 | F82: SCB | G82: =IFERROR(_xlfn.XLOOKUP(F82,K:K,L:L),"") | H82: BM3
A83: 83 | B83: ขนิษฐา นาโควงค์ | C83: แนน | D83: 0858816384 | E83: 1788488226 | F83: K-BANK | G83: =IFERROR(_xlfn.XLOOKUP(F83,K:K,L:L),"") | H83: BM3
... A156: 156 | B156: กานต์รวี นนท์สุรัตน์ | C156: เกรฟฟี่ | D156: 0959982732 | E156: 1708731265 | F156: K-BANK | G156: =IFERROR(_xlfn.XLOOKUP(F156,K:K,L:L),"") | H156: BM3
A157: 157 | B157: กานต์เก้า แจ้งสว่าง | C157: ชมพู่ | D157: 0950293236 | E157: 1481812875 | F157: K-BANK | G157: =IFERROR(_xlfn.XLOOKUP(F157,K:K,L:L),"") | H157: BM1 | I157: 29/11/2025
A158: 158 | B158: ดลพร คำเคน | C158: กีตาร์ | D158: 0902350435 | E158: 1933334194 | F158: K-BANK | G158: =IFERROR(_xlfn.XLOOKUP(F158,K:K,L:L),"") | H158: BM4 | I158: 29/11/2025
A159: 159 | B159: กนกอร สีพูล | C159: อันชีน | D159: 0918201604 | E159: 1151434815 | F159: K-BANK | G159: =IFERROR(_xlfn.XLOOKUP(F159,K:K,L:L),"") | H159: BM4 | I159: 29/11/2025
A160: 160 | B160: ภูวนาถ สิงหานนท์ | C160: โจ | D160: 0849906967 | E160: 1528700027 | F160: K-BANK | G160: =IFERROR(_xlfn.XLOOKUP(F160,K:K,L:L),"") | H160: BM4 | I160: 29/11/2025
A161: 161 | B161: ธัญญรัตน์ เครือคำ | C161: เฟรม | D161: 0810418753 | E161: 4122015618 | F161: SCB | G161: =IFERROR(_xlfn.XLOOKUP(F161,K:K,L:L),"") | H161: BM4 | I161: 29/11/2025
A162: 162 | B162: อรอุมา สวายประโคน | C162: อร | D162: 0828857543 | E162: 4202040428 | F162: SCB | G162: =IFERROR(_xlfn.XLOOKUP(F162,K:K,L:L),"") | H162: BM4 | I162: 29/11/2025
A163: 163 | B163: อรรคเดช หวังโซะ | C163: กิฟ | D163: - | E163: - | F163: K-BANK | G163: =IFERROR(_xlfn.XLOOKUP(F163,K:K,L:L),"") | H163: BM4 | I163: 29/11/2025
A164: 164 | B164: รัตนา ดวงจันทร์โคตร | C164: หมิว | D164: 0964053189 | E164: 0678698415 | F164: K-BANK | G164: =IFERROR(_xlfn.XLOOKUP(F164,K:K,L:L),"") | H164: BM4 | I164: 29/11/2025
A165: 165 | B165: วริสา ดวงแก้ว | C165: กุ๊กกิ๊ก | D165: - | E165: - | F165: SCB | G165: =IFERROR(_xlfn.XLOOKUP(F165,K:K,L:L),"") | H165: BM1 | I165: 45727
A166: 166 | B166: ฑีฆายุ ทังสุภูติ | C166: ต้นข้าว | D166: 0621583104 | E166: 1852315681 | F166: SCB | G166: =IFERROR(_xlfn.XLOOKUP(F166,K:K,L:L),"") | H166: BMN | I166: 45727
A167: 167 | B167: อนุกูล นาแก้ว | C167: ต้า | D167: 0960845166 | E167: 6211204811 | F167: BAY | G167: =IFERROR(_xlfn.XLOOKUP(F167,K:K,L:L),"") | H167: BMN | I167: 45727
A168: 168 | B168: ภาคภูมิ คนบุญ | C168: ม่อน | D168: - | E168: 3474089707 | F168: SCB | G168: =IFERROR(_xlfn.XLOOKUP(F168,K:K,L:L),"") | H168: BMN | I168: 45727
A169: 169 | B169: ชนิดาภา แก่นภูเลิศ | C169: เพ่ยเพ่ย | D169: 0929125858 | E169: 1308078503 | F169: K-BANK | G169: =IFERROR(_xlfn.XLOOKUP(F169,K:K,L:L),"") | H169: BM3 | I169: 45727
A170: 170 | B170: นพัตธร ตรียัง | C170: เตอร์ | D170: 0638533864 | E170: 5882746042 | F170: SCB | G170: =IFERROR(_xlfn.XLOOKUP(F170,K:K,L:L),"") | H170: BMN | I170: 45758
A171: 171 | B171: กฤตเมธ สีใส | C171: เบียร์ | D171: 0615644572 | E171: 1418818154 | F171: K-BANK | G171: =IFERROR(_xlfn.XLOOKUP(F171,K:K,L:L),"") | H171: BMN | I171: 45758
A172: 172 | B172: วรินทร วิเชียร | C172: ต้าร์ | D172: 0965913059 | E172: 0911826534 | F172: K-BANK | G172: =IFERROR(_xlfn.XLOOKUP(F172,K:K,L:L),"") | H172: BMN | I172: 45758
...

Sheet Result
A1: PART TIME SUMMARY PAYMENT | E1: =SUBTOTAL(9,E3:E595) | F1: =SUBTOTAL(9,F3:F595) | G1: =SUBTOTAL(9,G3:G595) | H1: =SUBTOTAL(9,H3:H595) | I1: =SUBTOTAL(9,I3:I595) | J1: =SUBTOTAL(9,J3:J595) | K1: =SUBTOTAL(9,K3:K595) | L1: =SUBTOTAL(9,L3:L595) | ... AW1: =SUBTOTAL(9,AW3:AW595) | AX1: =SUM(AX3:AX595)
A2: ลำดับ | B2: ชื่อ - สกุล | C2: ชื่อเล่น | D2: สังกัด | E2: ค่าแรง วันที่ 1 | F2: โอที วันที่ 1 | G2: ค่าแรง วันที่ 2 | H2: โอที วันที่ 2 | I2: ค่าแรง วันที่ 3 | J2: โอที วันที่ 3 | K2: ค่าแรง วันที่ 4 | L2: โอที วันที่ 4 | M2: ค่าแรง วันที่ 5 | N2: โอที วันที่ 5 | O2: ค่าแรง วันที่ 6 | P2: โอที วันที่ 6 | Q2: ค่าแรง วันที่ 7 | R2: โอที วันที่ 7 | S2: ค่าแรง วันที่ 8 | T2: โอที วันที่ 8 | U2: ค่าแรง วันที่ 9 | V2: โอที วันที่ 9 | W2: ค่าแรง วันที่ 10 | X2: โอที วันที่ 10 | Y2: ค่าแรง วันที่ 11 | Z2: โอที วันที่ 11 | AA2: ค่าแรง วันที่ 12 | AB2: โอที วันที่ 12 | AC2: ค่าแรง วันที่ 13 | AD2: โอที วันที่ 13 | AE2: ค่าแรง วันที่ 13 | AF2: โอที วันที่ 13 | AG2: วันที่ 15 | AH2: วันที่ 16 | AI2: วันที่ 17 | AJ2: วันที่ 18 | AK2: วันที่ 19 | AL2: วันที่ 20 | AM2: วันที่ 21 | AN2: วันที่ 22 | AO2: วันที่ 23 | AP2: วันที่ 24 | AQ2: วันที่ 25 | AR2: วันที่ 26 | AS2: วันที่ 27 | AT2: วันที่ 28 | AU2: วันที่ 29 | AV2: วันที่ 30 | AW2: วันที่ 31 | AX2: SUM
A3: 1 | B3: ธนาธิป ควรสำโรง | C3: =IFERROR(VLOOKUP(B3,Members!B:C,2,FALSE),0) | D3: =IFERROR(VLOOKUP(B3,Members!$B:$H,7,FALSE),0) | E3: =IFERROR(VLOOKUP(B3,'วันที่ 1'!$B$8:$AH$103,28,FALSE),0) - IFERROR(VLOOKUP(B3,'วันที่ 1'!$B$8:$AH$103,27,FALSE),0) | F3: =IFERROR(VLOOKUP(C3,'วันที่ 1'!$B$8:$AH$103,27,FALSE),0) | G3: =IFERROR(VLOOKUP(B3,'วันที่ 1'!$B$8:$AH$103,28,FALSE),0)-IFERROR(VLOOKUP(B3,'วันที่ 1'!$B$8:$AH$103,27,FALSE),0) | H3: =IFERROR(VLOOKUP(B3,'วันที่ 1'!$B$8:$AH$103,27,FALSE),0) | I3: =IFERROR(VLOOKUP(B3,'วันที่ 2'!$B$8:$AF$106,28,FALSE),0)-IFERROR(VLOOKUP(B3,'วันที่ 2'!$B$8:$AF$106,27,FALSE),0) | J3: =IFERROR(VLOOKUP(B3,'วันที่ 2'!$B$8:$AF$106,27,FALSE),0) | K3: =IFERROR(VLOOKUP(B3,'วันที่ 3 กะเช้า'!$B$8:$AK$106,28,FALSE),0)-IFERROR(VLOOKUP(B3,'วันที่ 3 กะเช้า'!$B$8:$AK$106,27,FALSE),0) | L3: =IFERROR(VLOOKUP(B3,'วันที่ 3 กะเช้า'!$B$8:$AK$106,27,FALSE),0) | M3: =IFERROR(VLOOKUP(B3,'วันที่ 4 กะเช้า'!$B$8:$AG$107,28,FALSE),0)-IFERROR(VLOOKUP(B3,'วันที่ 4 กะเช้า'!$B$8:$AG$107,27,FALSE),0) | N3: =IFERROR(VLOOKUP(B3,'วันที่ 4 กะเช้า'!$B$8:$AG$107,27,FALSE),0) | O3: =IFERROR(VLOOKUP(B3,'วันที่ 4 กะเช้า'!$B$8:$AH$106,28,FALSE),0)-IFERROR(VLOOKUP(B3,'วันที่ 4 กะเช้า'!$B$8:$AH$106,27,FALSE),0) | P3: =IFERROR(VLOOKUP(B3,'วันที่ 4 กะเช้า'!$B$8:$AH$106,27,FALSE),0) | Q3: =IFERROR(VLOOKUP(B3,'วันที่ 4 กะเช้า'!$B$8:$AH$106,28,FALSE),0)-IFERROR(VLOOKUP(B3,'วันที่ 4 กะเช้า'!$B$8:$AH$106,27,FALSE),0) | R3: =IFERROR(VLOOKUP(B3,'วันที่ 4 กะเช้า'!$B$8:$AH$106,27,FALSE),0) | S3: =IFERROR(VLOOKUP(B3,'วันที่ 5 กะเช้า'!$B$8:$AH$107,28,FALSE),0)-IFERROR(VLOOKUP(B3,'วันที่ 5 กะเช้า'!$B$8:$AH$107,27,FALSE),0) | T3: =IFERROR(VLOOKUP(B3,'วันที่ 5 กะเช้า'!$B$8:$AH$107,27,FALSE),0) | U3: =IFERROR(VLOOKUP(B3,'วันที่ 5 กะดึก'!$B$8:$AH$106,27,FALSE),0) | V3: =IFERROR(VLOOKUP(B3,'วันที่ 5 กะดึก'!$B$8:$AH$106,27,FALSE),0) | W3: =IFERROR(VLOOKUP(B3,'วันที่ 7'!$B$8:$AH$105,28,FALSE),0)-IFERROR(VLOOKUP(B3,'วันที่ 7'!$B$8:$AH$105,27,FALSE),0) | X3: =IFERROR(VLOOKUP(B3,'วันที่ 7'!$B$8:$AH$105,27,FALSE),0) | Y3: =IFERROR(VLOOKUP(B3,'วันที่ 8'!$B$8:$AH$109,28,FALSE),0)-IFERROR(VLOOKUP(B3,'วันที่ 8'!$B$8:$AH$109,27,FALSE),0) | Z3: =IFERROR(VLOOKUP(B3,'วันที่ 8'!$B$8:$AH$109,27,FALSE),0) | AA3: =IFERROR(VLOOKUP(B3,'กะเช้าวันที่ 12'!$B$8:$AC$102,28,FALSE),0)-IFERROR(VLOOKUP(B3,'กะเช้าวันที่ 12'!$B$8:$AC$102,27,FALSE),0) | AB3: =IFERROR(VLOOKUP(B3,'กะเช้าวันที่ 12'!$B$8:$AC$102,27,FALSE),0) | AC3: =IFERROR(VLOOKUP(B3,'กะเช้าวันที่ 14'!$B$8:$AC$104,28,FALSE),0)-IFERROR(VLOOKUP(B3,'กะเช้าวันที่ 14'!$B$8:$AC$104,27,FALSE),0) | AD3: =IFERROR(VLOOKUP(B3,'กะเช้าวันที่ 14'!$B$8:$AC$104,27,FALSE),0) | AE3: =IFERROR(VLOOKUP(B3,'กะดึกวันที่ 13'!$B$8:$AC$105,28,FALSE),0) | AG3: =IFERROR(VLOOKUP(B3,'วันที่ 12'!$B$8:$AH$105,28,FALSE),0) | AH3: =IFERROR(VLOOKUP(B3,'วันที่ 14'!$B$8:$AH$106,28,FALSE),0) | AI3: =IFERROR(VLOOKUP(B3,'วันที่ 15'!$B$8:$AH$106,28,FALSE),0) | AJ3: =IFERROR(VLOOKUP(B3,'วันที่ 16'!$B$8:$AH$105,28,FALSE),0) | AK3: =IFERROR(VLOOKUP(B3,'วันที่ 17'!$B$8:$AH$105,28,FALSE),0) | AL3: =IFERROR(VLOOKUP(B3,'วันที่ 18'!$B$8:$AH$104,28,FALSE),0) | AM3: =IFERROR(VLOOKUP(B3,'วันที่ 19'!$B$8:$AH$106,28,FALSE),0) | AN3: =IFERROR(VLOOKUP(B3,'วันที่ 20'!$B$8:$AH$105,28,FALSE),0) | AO3: =IFERROR(VLOOKUP(B3,'วันที่ 21'!$B$8:$AH$106,28,FALSE),0) | AP3: =IFERROR(VLOOKUP(B3,'วันที่ 22'!$B$8:$AH$105,28,FALSE),0) | AQ3: =IFERROR(VLOOKUP(B3,'วันที่ 23'!$B$8:$AH$107,28,FALSE),0) | AR3: =IFERROR(VLOOKUP(B3,'วันที่ 24'!$B$8:$AH$104,28,FALSE),0) | AS3: =IFERROR(VLOOKUP(B3,'วันที่ 25'!$B$8:$AH$106,28,FALSE),0) | AT3: =IFERROR(VLOOKUP(B3,'วันที่ 26'!$B$8:$AH$105,28,FALSE),0) | AU3: =IFERROR(VLOOKUP(B3,'วันที่ 26'!$B$8:$AH$104,28,FALSE),0) | AV3: =IFERROR(VLOOKUP(B3,'วันที่ 30'!$B$8:$AH$107,28,FALSE),0) | AW3: =IFERROR(VLOOKUP(B3,'วันที่ 31'!$B$8:$AG$105,28,FALSE),0) | AX3: =SUM(E3:AW3)
A4: 2 | B4: ณัฐนรี ภู่พันธ์ | C4: =IFERROR(VLOOKUP(B4,Members!B:C,2,FALSE),0) | D4: =IFERROR(VLOOKUP(B4,Members!$B:$H,7,FALSE),0) | E4: =IFERROR(VLOOKUP(B4,'วันที่ 1'!$B$8:$AH$103,28,FALSE),0) - IFERROR(VLOOKUP(B4,'วันที่ 1'!$B$8:$AH$103,27,FALSE),0) | F4: =IFERROR(VLOOKUP(C4,'วันที่ 1'!$B$8:$AH$103,27,FALSE),0) | G4: =IFERROR(VLOOKUP(B4,'วันที่ 1'!$B$8:$AH$103,28,FALSE),0)-IFERROR(VLOOKUP(B4,'วันที่ 1'!$B$8:$AH$103,27,FALSE),0) | H4: =IFERROR(VLOOKUP(B4,'วันที่ 1'!$B$8:$AH$103,27,FALSE),0) | I4: =IFERROR(VLOOKUP(B4,'วันที่ 2'!$B$8:$AF$106,28,FALSE),0)-IFERROR(VLOOKUP(B4,'วันที่ 2'!$B$8:$AF$106,27,FALSE),0) | J4: =IFERROR(VLOOKUP(B4,'วันที่ 2'!$B$8:$AF$106,27,FALSE),0) | K4: =IFERROR(VLOOKUP(B4,'วันที่ 3 กะเช้า'!$B$8:$AK$106,28,FALSE),0)-IFERROR(VLOOKUP(B4,'วันที่ 3 กะเช้า'!$B$8:$AK$106,27,FALSE),0) | L4: =IFERROR(VLOOKUP(B4,'วันที่ 3 กะเช้า'!$B$8:$AK$106,27,FALSE),0) | M4: =IFERROR(VLOOKUP(B4,'วันที่ 4 กะเช้า'!$B$8:$AG$107,28,FALSE),0)-IFERROR(VLOOKUP(B4,'วันที่ 4 กะเช้า'!$B$8:$AG$107,27,FALSE),0) | N4: =IFERROR(VLOOKUP(B4,'วันที่ 4 กะเช้า'!$B$8:$AG$107,27,FALSE),0) | O4: =IFERROR(VLOOKUP(B4,'วันที่ 4 กะเช้า'!$B$8:$AH$106,28,FALSE),0)-IFERROR(VLOOKUP(B4,'วันที่ 4 กะเช้า'!$B$8:$AH$106,27,FALSE),0) | P4: =IFERROR(VLOOKUP(B4,'วันที่ 4 กะเช้า'!$B$8:$AH$106,27,FALSE),0) | Q4: =IFERROR(VLOOKUP(B4,'วันที่ 4 กะเช้า'!$B$8:$AH$106,28,FALSE),0)-IFERROR(VLOOKUP(B4,'วันที่ 4 กะเช้า'!$B$8:$AH$106,27,FALSE),0) | R4: =IFERROR(VLOOKUP(B4,'วันที่ 4 กะเช้า'!$B$8:$AH$106,27,FALSE),0) | S4: =IFERROR(VLOOKUP(B4,'วันที่ 5 กะเช้า'!$B$8:$AH$107,28,FALSE),0)-IFERROR(VLOOKUP(B4,'วันที่ 5 กะเช้า'!$B$8:$AH$107,27,FALSE),0) | T4: =IFERROR(VLOOKUP(B4,'วันที่ 5 กะเช้า'!$B$8:$AH$107,27,FALSE),0) | U4: =IFERROR(VLOOKUP(B4,'วันที่ 5 กะดึก'!$B$8:$AH$106,27,FALSE),0) | V4: =IFERROR(VLOOKUP(B4,'วันที่ 5 กะดึก'!$B$8:$AH$106,27,FALSE),0) | W4: =IFERROR(VLOOKUP(B4,'วันที่ 7'!$B$8:$AH$105,28,FALSE),0)-IFERROR(VLOOKUP(B4,'วันที่ 7'!$B$8:$AH$105,27,FALSE),0) | X4: =IFERROR(VLOOKUP(B4,'วันที่ 7'!$B$8:$AH$105,27,FALSE),0) | Y4: =IFERROR(VLOOKUP(B4,'วันที่ 8'!$B$8:$AH$109,28,FALSE),0)-IFERROR(VLOOKUP(B4,'วันที่ 8'!$B$8:$AH$109,27,FALSE),0) | Z4: =IFERROR(VLOOKUP(B4,'วันที่ 8'!$B$8:$AH$109,27,FALSE),0) | AA4: =IFERROR(VLOOKUP(B4,'กะเช้าวันที่ 12'!$B$8:$AC$102,28,FALSE),0)-IFERROR(VLOOKUP(B4,'กะเช้าวันที่ 12'!$B$8:$AC$102,27,FALSE),0) | AB4: =IFERROR(VLOOKUP(B4,'กะเช้าวันที่ 12'!$B$8:$AC$102,27,FALSE),0) | AC4: =IFERROR(VLOOKUP(B4,'กะเช้าวันที่ 14'!$B$8:$AC$104,28,FALSE),0)-IFERROR(VLOOKUP(B4,'กะเช้าวันที่ 14'!$B$8:$AC$104,27,FALSE),0) | AD4: =IFERROR(VLOOKUP(B4,'กะเช้าวันที่ 14'!$B$8:$AC$104,27,FALSE),0) | AE4: =IFERROR(VLOOKUP(B4,'กะดึกวันที่ 13'!$B$8:$AC$105,28,FALSE),0) | AG4: =IFERROR(VLOOKUP(B4,'วันที่ 12'!$B$8:$AH$105,28,FALSE),0) | AH4: =IFERROR(VLOOKUP(B4,'วันที่ 14'!$B$8:$AH$106,28,FALSE),0) | AI4: =IFERROR(VLOOKUP(B4,'วันที่ 15'!$B$8:$AH$106,28,FALSE),0) | AJ4: =IFERROR(VLOOKUP(B4,'วันที่ 16'!$B$8:$AH$105,28,FALSE),0) | AK4: =IFERROR(VLOOKUP(B4,'วันที่ 17'!$B$8:$AH$105,28,FALSE),0) | AL4: =IFERROR(VLOOKUP(B4,'วันที่ 18'!$B$8:$AH$104,28,FALSE),0) | AM4: =IFERROR(VLOOKUP(B4,'วันที่ 19'!$B$8:$AH$106,28,FALSE),0) | AN4: =IFERROR(VLOOKUP(B4,'วันที่ 20'!$B$8:$AH$105,28,FALSE),0) | AO4: =IFERROR(VLOOKUP(B4,'วันที่ 21'!$B$8:$AH$106,28,FALSE),0) | AP4: =IFERROR(VLOOKUP(B4,'วันที่ 22'!$B$8:$AH$105,28,FALSE),0) | AQ4: =IFERROR(VLOOKUP(B4,'วันที่ 23'!$B$8:$AH$107,28,FALSE),0) | AR4: =IFERROR(VLOOKUP(B4,'วันที่ 24'!$B$8:$AH$104,28,FALSE),0) | AS4: =IFERROR(VLOOKUP(B4,'วันที่ 25'!$B$8:$AH$106,28,FALSE),0) | AT4: =IFERROR(VLOOKUP(B4,'วันที่ 26'!$B$8:$AH$105,28,FALSE),0) | AU4: =IFERROR(VLOOKUP(B4,'วันที่ 26'!$B$8:$AH$104,28,FALSE),0) | AV4: =IFERROR(VLOOKUP(B4,'วันที่ 30'!$B$8:$AH$107,28,FALSE),0) | AW4: =IFERROR(VLOOKUP(B4,'วันที่ 31'!$B$8:$AG$105,28,FALSE),0) | AX4: =SUM(E4:AW4)
A5: 3 | B5: ปนิดา กะประโคน | C5: =IFERROR(VLOOKUP(B5,Members!B:C,2,FALSE),0) | D5: =IFERROR(VLOOKUP(B5,Members!$B:$H,7,FALSE),0) | E5: =IFERROR(VLOOKUP(B5,'วันที่ 1'!$B$8:$AH$103,28,FALSE),0) - IFERROR(VLOOKUP(B5,'วันที่ 1'!$B$8:$AH$103,27,FALSE),0) | F5: =IFERROR(VLOOKUP(C5,'วันที่ 1'!$B$8:$AH$103,27,FALSE),0) | G5: =IFERROR(VLOOKUP(B5,'วันที่ 1'!$B$8:$AH$103,28,FALSE),0)-IFERROR(VLOOKUP(B5,'วันที่ 1'!$B$8:$AH$103,27,FALSE),0) | H5: =IFERROR(VLOOKUP(B5,'วันที่ 1'!$B$8:$AH$103,27,FALSE),0) | I5: =IFERROR(VLOOKUP(B5,'วันที่ 2'!$B$8:$AF$106,28,FALSE),0)-IFERROR(VLOOKUP(B5,'วันที่ 2'!$B$8:$AF$106,27,FALSE),0) | J5: =IFERROR(VLOOKUP(B5,'วันที่ 2'!$B$8:$AF$106,27,FALSE),0) | K5: =IFERROR(VLOOKUP(B5,'วันที่ 3 กะเช้า'!$B$8:$AK$106,28,FALSE),0)-IFERROR(VLOOKUP(B5,'วันที่ 3 กะเช้า'!$B$8:$AK$106,27,FALSE),0) | L5: =IFERROR(VLOOKUP(B5,'วันที่ 3 กะเช้า'!$B$8:$AK$106,27,FALSE),0) | M5: =IFERROR(VLOOKUP(B5,'วันที่ 4 กะเช้า'!$B$8:$AG$107,28,FALSE),0)-IFERROR(VLOOKUP(B5,'วันที่ 4 กะเช้า'!$B$8:$AG$107,27,FALSE),0) | N5: =IFERROR(VLOOKUP(B5,'วันที่ 4 กะเช้า'!$B$8:$AG$107,27,FALSE),0) | O5: =IFERROR(VLOOKUP(B5,'วันที่ 4 กะเช้า'!$B$8:$AH$106,28,FALSE),0)-IFERROR(VLOOKUP(B5,'วันที่ 4 กะเช้า'!$B$8:$AH$106,27,FALSE),0) | P5: =IFERROR(VLOOKUP(B5,'วันที่ 4 กะเช้า'!$B$8:$AH$106,27,FALSE),0) | Q5: =IFERROR(VLOOKUP(B5,'วันที่ 4 กะเช้า'!$B$8:$AH$106,28,FALSE),0)-IFERROR(VLOOKUP(B5,'วันที่ 4 กะเช้า'!$B$8:$AH$106,27,FALSE),0) | R5: =IFERROR(VLOOKUP(B5,'วันที่ 4 กะเช้า'!$B$8:$AH$106,27,FALSE),0) | S5: =IFERROR(VLOOKUP(B5,'วันที่ 5 กะเช้า'!$B$8:$AH$107,28,FALSE),0)-IFERROR(VLOOKUP(B5,'วันที่ 5 กะเช้า'!$B$8:$AH$107,27,FALSE),0) | T5: =IFERROR(VLOOKUP(B5,'วันที่ 5 กะเช้า'!$B$8:$AH$107,27,FALSE),0) | U5: =IFERROR(VLOOKUP(B5,'วันที่ 5 กะดึก'!$B$8:$AH$106,27,FALSE),0) | V5: =IFERROR(VLOOKUP(B5,'วันที่ 5 กะดึก'!$B$8:$AH$106,27,FALSE),0) | W5: =IFERROR(VLOOKUP(B5,'วันที่ 7'!$B$8:$AH$105,28,FALSE),0)-IFERROR(VLOOKUP(B5,'วันที่ 7'!$B$8:$AH$105,27,FALSE),0) | X5: =IFERROR(VLOOKUP(B5,'วันที่ 7'!$B$8:$AH$105,27,FALSE),0) | Y5: =IFERROR(VLOOKUP(B5,'วันที่ 8'!$B$8:$AH$109,28,FALSE),0)-IFERROR(VLOOKUP(B5,'วันที่ 8'!$B$8:$AH$109,27,FALSE),0) | Z5: =IFERROR(VLOOKUP(B5,'วันที่ 8'!$B$8:$AH$109,27,FALSE),0) | AA5: =IFERROR(VLOOKUP(B5,'กะเช้าวันที่ 12'!$B$8:$AC$102,28,FALSE),0)-IFERROR(VLOOKUP(B5,'กะเช้าวันที่ 12'!$B$8:$AC$102,27,FALSE),0) | AB5: =IFERROR(VLOOKUP(B5,'กะเช้าวันที่ 12'!$B$8:$AC$102,27,FALSE),0) | AC5: =IFERROR(VLOOKUP(B5,'กะเช้าวันที่ 14'!$B$8:$AC$104,28,FALSE),0)-IFERROR(VLOOKUP(B5,'กะเช้าวันที่ 14'!$B$8:$AC$104,27,FALSE),0) | AD5: =IFERROR(VLOOKUP(B5,'กะเช้าวันที่ 14'!$B$8:$AC$104,27,FALSE),0) | AE5: =IFERROR(VLOOKUP(B5,'กะดึกวันที่ 13'!$B$8:$AC$105,28,FALSE),0) | AG5: =IFERROR(VLOOKUP(B5,'วันที่ 12'!$B$8:$AH$105,28,FALSE),0) | AH5: =IFERROR(VLOOKUP(B5,'วันที่ 14'!$B$8:$AH$106,28,FALSE),0) | AI5: =IFERROR(VLOOKUP(B5,'วันที่ 15'!$B$8:$AH$106,28,FALSE),0) | AJ5: =IFERROR(VLOOKUP(B5,'วันที่ 16'!$B$8:$AH$105,28,FALSE),0) | AK5: =IFERROR(VLOOKUP(B5,'วันที่ 17'!$B$8:$AH$105,28,FALSE),0) | AL5: =IFERROR(VLOOKUP(B5,'วันที่ 18'!$B$8:$AH$104,28,FALSE),0) | AM5: =IFERROR(VLOOKUP(B5,'วันที่ 19'!$B$8:$AH$106,28,FALSE),0) | AN5: =IFERROR(VLOOKUP(B5,'วันที่ 20'!$B$8:$AH$105,28,FALSE),0) | AO5: =IFERROR(VLOOKUP(B5,'วันที่ 21'!$B$8:$AH$106,28,FALSE),0) | AP5: =IFERROR(VLOOKUP(B5,'วันที่ 22'!$B$8:$AH$105,28,FALSE),0) | AQ5: =IFERROR(VLOOKUP(B5,'วันที่ 23'!$B$8:$AH$107,28,FALSE),0) | AR5: =IFERROR(VLOOKUP(B5,'วันที่ 24'!$B$8:$AH$104,28,FALSE),0) | AS5: =IFERROR(VLOOKUP(B5,'วันที่ 25'!$B$8:$AH$106,28,FALSE),0) | AT5: =IFERROR(VLOOKUP(B5,'วันที่ 26'!$B$8:$AH$105,28,FALSE),0) | AU5: =IFERROR(VLOOKUP(B5,'วันที่ 26'!$B$8:$AH$104,28,FALSE),0) | AV5: =IFERROR(VLOOKUP(B5,'วันที่ 30'!$B$8:$AH$107,28,FALSE),0) | AW5: =IFERROR(VLOOKUP(B5,'วันที่ 31'!$B$8:$AG$105,28,FALSE),0) | AX5: =SUM(E5:AW5)
A6: 4 | B6: อาชานัย ปานกุล | C6: =IFERROR(VLOOKUP(B6,Members!B:C,2,FALSE),0) | D6: =IFERROR(VLOOKUP(B6,Members!$B:$H,7,FALSE),0) | E6: =IFERROR(VLOOKUP(B6,'วันที่ 1'!$B$8:$AH$103,28,FALSE),0) - IFERROR(VLOOKUP(B6,'วันที่ 1'!$B$8:$AH$103,27,FALSE),0) | F6: =IFERROR(VLOOKUP(C6,'วันที่ 1'!$B$8:$AH$103,27,FALSE),0) | G6: =IFERROR(VLOOKUP(B6,'วันที่ 1'!$B$8:$AH$103,28,FALSE),0)-IFERROR(VLOOKUP(B6,'วันที่ 1'!$B$8:$AH$103,27,FALSE),0) | H6: =IFERROR(VLOOKUP(B6,'วันที่ 1'!$B$8:$AH$103,27,FALSE),0) | I6: =IFERROR(VLOOKUP(B6,'วันที่ 2'!$B$8:$AF$106,28,FALSE),0)-IFERROR(VLOOKUP(B6,'วันที่ 2'!$B$8:$AF$106,27,FALSE),0) | J6: =IFERROR(VLOOKUP(B6,'วันที่ 2'!$B$8:$AF$106,27,FALSE),0) | K6: =IFERROR(VLOOKUP(B6,'วันที่ 3 กะเช้า'!$B$8:$AK$106,28,FALSE),0)-IFERROR(VLOOKUP(B6,'วันที่ 3 กะเช้า'!$B$8:$AK$106,27,FALSE),0) | L6: =IFERROR(VLOOKUP(B6,'วันที่ 3 กะเช้า'!$B$8:$AK$106,27,FALSE),0) | M6: =IFERROR(VLOOKUP(B6,'วันที่ 4 กะเช้า'!$B$8:$AG$107,28,FALSE),0)-IFERROR(VLOOKUP(B6,'วันที่ 4 กะเช้า'!$B$8:$AG$107,27,FALSE),0) | N6: =IFERROR(VLOOKUP(B6,'วันที่ 4 กะเช้า'!$B$8:$AG$107,27,FALSE),0) | O6: =IFERROR(VLOOKUP(B6,'วันที่ 4 กะเช้า'!$B$8:$AH$106,28,FALSE),0)-IFERROR(VLOOKUP(B6,'วันที่ 4 กะเช้า'!$B$8:$AH$106,27,FALSE),0) | P6: =IFERROR(VLOOKUP(B6,'วันที่ 4 กะเช้า'!$B$8:$AH$106,27,FALSE),0) | Q6: =IFERROR(VLOOKUP(B6,'วันที่ 4 กะเช้า'!$B$8:$AH$106,28,FALSE),0)-IFERROR(VLOOKUP(B6,'วันที่ 4 กะเช้า'!$B$8:$AH$106,27,FALSE),0) | R6: =IFERROR(VLOOKUP(B6,'วันที่ 4 กะเช้า'!$B$8:$AH$106,27,FALSE),0) | S6: =IFERROR(VLOOKUP(B6,'วันที่ 5 กะเช้า'!$B$8:$AH$107,28,FALSE),0)-IFERROR(VLOOKUP(B6,'วันที่ 5 กะเช้า'!$B$8:$AH$107,27,FALSE),0) | T6: =IFERROR(VLOOKUP(B6,'วันที่ 5 กะเช้า'!$B$8:$AH$107,27,FALSE),0) | U6: =IFERROR(VLOOKUP(B6,'วันที่ 5 กะดึก'!$B$8:$AH$106,27,FALSE),0) | V6: =IFERROR(VLOOKUP(B6,'วันที่ 5 กะดึก'!$B$8:$AH$106,27,FALSE),0) | W6: =IFERROR(VLOOKUP(B6,'วันที่ 7'!$B$8:$AH$105,28,FALSE),0)-IFERROR(VLOOKUP(B6,'วันที่ 7'!$B$8:$AH$105,27,FALSE),0) | X6: =IFERROR(VLOOKUP(B6,'วันที่ 7'!$B$8:$AH$105,27,FALSE),0) | Y6: =IFERROR(VLOOKUP(B6,'วันที่ 8'!$B$8:$AH$109,28,FALSE),0)-IFERROR(VLOOKUP(B6,'วันที่ 8'!$B$8:$AH$109,27,FALSE),0) | Z6: =IFERROR(VLOOKUP(B6,'วันที่ 8'!$B$8:$AH$109,27,FALSE),0) | AA6: =IFERROR(VLOOKUP(B6,'กะเช้าวันที่ 12'!$B$8:$AC$102,28,FALSE),0)-IFERROR(VLOOKUP(B6,'กะเช้าวันที่ 12'!$B$8:$AC$102,27,FALSE),0) | AB6: =IFERROR(VLOOKUP(B6,'กะเช้าวันที่ 12'!$B$8:$AC$102,27,FALSE),0) | AC6: =IFERROR(VLOOKUP(B6,'กะเช้าวันที่ 14'!$B$8:$AC$104,28,FALSE),0)-IFERROR(VLOOKUP(B6,'กะเช้าวันที่ 14'!$B$8:$AC$104,27,FALSE),0) | AD6: =IFERROR(VLOOKUP(B6,'กะเช้าวันที่ 14'!$B$8:$AC$104,27,FALSE),0) | AE6: =IFERROR(VLOOKUP(B6,'กะดึกวันที่ 13'!$B$8:$AC$105,28,FALSE),0) | AG6: =IFERROR(VLOOKUP(B6,'วันที่ 12'!$B$8:$AH$105,28,FALSE),0) | AH6: =IFERROR(VLOOKUP(B6,'วันที่ 14'!$B$8:$AH$106,28,FALSE),0) | AI6: =IFERROR(VLOOKUP(B6,'วันที่ 15'!$B$8:$AH$106,28,FALSE),0) | AJ6: =IFERROR(VLOOKUP(B6,'วันที่ 16'!$B$8:$AH$105,28,FALSE),0) | AK6: =IFERROR(VLOOKUP(B6,'วันที่ 17'!$B$8:$AH$105,28,FALSE),0) | AL6: =IFERROR(VLOOKUP(B6,'วันที่ 18'!$B$8:$AH$104,28,FALSE),0) | AM6: =IFERROR(VLOOKUP(B6,'วันที่ 19'!$B$8:$AH$106,28,FALSE),0) | AN6: =IFERROR(VLOOKUP(B6,'วันที่ 20'!$B$8:$AH$105,28,FALSE),0) | AO6: =IFERROR(VLOOKUP(B6,'วันที่ 21'!$B$8:$AH$106,28,FALSE),0) | AP6: =IFERROR(VLOOKUP(B6,'วันที่ 22'!$B$8:$AH$105,28,FALSE),0) | AQ6: =IFERROR(VLOOKUP(B6,'วันที่ 23'!$B$8:$AH$107,28,FALSE),0) | AR6: =IFERROR(VLOOKUP(B6,'วันที่ 24'!$B$8:$AH$104,28,FALSE),0) | AS6: =IFERROR(VLOOKUP(B6,'วันที่ 25'!$B$8:$AH$106,28,FALSE),0) | AT6: =IFERROR(VLOOKUP(B6,'วันที่ 26'!$B$8:$AH$105,28,FALSE),0) | AU6: =IFERROR(VLOOKUP(B6,'วันที่ 26'!$B$8:$AH$104,28,FALSE),0) | AV6: =IFERROR(VLOOKUP(B6,'วันที่ 30'!$B$8:$AH$107,28,FALSE),0) | AW6: =IFERROR(VLOOKUP(B6,'วันที่ 31'!$B$8:$AG$105,28,FALSE),0) | AX6: =SUM(E6:AW6)
A7: 5 | B7: กัญญาณัฐ ลือธิสาร | C7: =IFERROR(VLOOKUP(B7,Members!B:C,2,FALSE),0) | D7: =IFERROR(VLOOKUP(B7,Members!$B:$H,7,FALSE),0) | E7: =IFERROR(VLOOKUP(B7,'วันที่ 1'!$B$8:$AH$103,28,FALSE),0) - IFERROR(VLOOKUP(B7,'วันที่ 1'!$B$8:$AH$103,27,FALSE),0) | F7: =IFERROR(VLOOKUP(C7,'วันที่ 1'!$B$8:$AH$103,27,FALSE),0) | G7: =IFERROR(VLOOKUP(B7,'วันที่ 1'!$B$8:$AH$103,28,FALSE),0)-IFERROR(VLOOKUP(B7,'วันที่ 1'!$B$8:$AH$103,27,FALSE),0) | H7: =IFERROR(VLOOKUP(B7,'วันที่ 1'!$B$8:$AH$103,27,FALSE),0) | I7: =IFERROR(VLOOKUP(B7,'วันที่ 2'!$B$8:$AF$106,28,FALSE),0)-IFERROR(VLOOKUP(B7,'วันที่ 2'!$B$8:$AF$106,27,FALSE),0) | J7: =IFERROR(VLOOKUP(B7,'วันที่ 2'!$B$8:$AF$106,27,FALSE),0) | K7: =IFERROR(VLOOKUP(B7,'วันที่ 3 กะเช้า'!$B$8:$AK$106,28,FALSE),0)-IFERROR(VLOOKUP(B7,'วันที่ 3 กะเช้า'!$B$8:$AK$106,27,FALSE),0) | L7: =IFERROR(VLOOKUP(B7,'วันที่ 3 กะเช้า'!$B$8:$AK$106,27,FALSE),0) | M7: =IFERROR(VLOOKUP(B7,'วันที่ 4 กะเช้า'!$B$8:$AG$107,28,FALSE),0)-IFERROR(VLOOKUP(B7,'วันที่ 4 กะเช้า'!$B$8:$AG$107,27,FALSE),0) | N7: =IFERROR(VLOOKUP(B7,'วันที่ 4 กะเช้า'!$B$8:$AG$107,27,FALSE),0) | O7: =IFERROR(VLOOKUP(B7,'วันที่ 4 กะเช้า'!$B$8:$AH$106,28,FALSE),0)-IFERROR(VLOOKUP(B7,'วันที่ 4 กะเช้า'!$B$8:$AH$106,27,FALSE),0) | P7: =IFERROR(VLOOKUP(B7,'วันที่ 4 กะเช้า'!$B$8:$AH$106,27,FALSE),0) | Q7: =IFERROR(VLOOKUP(B7,'วันที่ 4 กะเช้า'!$B$8:$AH$106,28,FALSE),0)-IFERROR(VLOOKUP(B7,'วันที่ 4 กะเช้า'!$B$8:$AH$106,27,FALSE),0) | R7: =IFERROR(VLOOKUP(B7,'วันที่ 4 กะเช้า'!$B$8:$AH$106,27,FALSE),0) | S7: =IFERROR(VLOOKUP(B7,'วันที่ 5 กะเช้า'!$B$8:$AH$107,28,FALSE),0)-IFERROR(VLOOKUP(B7,'วันที่ 5 กะเช้า'!$B$8:$AH$107,27,FALSE),0) | T7: =IFERROR(VLOOKUP(B7,'วันที่ 5 กะเช้า'!$B$8:$AH$107,27,FALSE),0) | U7: =IFERROR(VLOOKUP(B7,'วันที่ 5 กะดึก'!$B$8:$AH$106,27,FALSE),0) | V7: =IFERROR(VLOOKUP(B7,'วันที่ 5 กะดึก'!$B$8:$AH$106,27,FALSE),0) | W7: =IFERROR(VLOOKUP(B7,'วันที่ 7'!$B$8:$AH$105,28,FALSE),0)-IFERROR(VLOOKUP(B7,'วันที่ 7'!$B$8:$AH$105,27,FALSE),0) | X7: =IFERROR(VLOOKUP(B7,'วันที่ 7'!$B$8:$AH$105,27,FALSE),0) | Y7: =IFERROR(VLOOKUP(B7,'วันที่ 8'!$B$8:$AH$109,28,FALSE),0)-IFERROR(VLOOKUP(B7,'วันที่ 8'!$B$8:$AH$109,27,FALSE),0) | Z7: =IFERROR(VLOOKUP(B7,'วันที่ 8'!$B$8:$AH$109,27,FALSE),0) | AA7: =IFERROR(VLOOKUP(B7,'กะเช้าวันที่ 12'!$B$8:$AC$102,28,FALSE),0)-IFERROR(VLOOKUP(B7,'กะเช้าวันที่ 12'!$B$8:$AC$102,27,FALSE),0) | AB7: =IFERROR(VLOOKUP(B7,'กะเช้าวันที่ 12'!$B$8:$AC$102,27,FALSE),0) | AC7: =IFERROR(VLOOKUP(B7,'กะเช้าวันที่ 14'!$B$8:$AC$104,28,FALSE),0)-IFERROR(VLOOKUP(B7,'กะเช้าวันที่ 14'!$B$8:$AC$104,27,FALSE),0) | AD7: =IFERROR(VLOOKUP(B7,'กะเช้าวันที่ 14'!$B$8:$AC$104,27,FALSE),0) | AE7: =IFERROR(VLOOKUP(B7,'กะดึกวันที่ 13'!$B$8:$AC$105,28,FALSE),0) | AG7: =IFERROR(VLOOKUP(B7,'วันที่ 12'!$B$8:$AH$105,28,FALSE),0) | AH7: =IFERROR(VLOOKUP(B7,'วันที่ 14'!$B$8:$AH$106,28,FALSE),0) | AI7: =IFERROR(VLOOKUP(B7,'วันที่ 15'!$B$8:$AH$106,28,FALSE),0) | AJ7: =IFERROR(VLOOKUP(B7,'วันที่ 16'!$B$8:$AH$105,28,FALSE),0) | AK7: =IFERROR(VLOOKUP(B7,'วันที่ 17'!$B$8:$AH$105,28,FALSE),0) | AL7: =IFERROR(VLOOKUP(B7,'วันที่ 18'!$B$8:$AH$104,28,FALSE),0) | AM7: =IFERROR(VLOOKUP(B7,'วันที่ 19'!$B$8:$AH$106,28,FALSE),0) | AN7: =IFERROR(VLOOKUP(B7,'วันที่ 20'!$B$8:$AH$105,28,FALSE),0) | AO7: =IFERROR(VLOOKUP(B7,'วันที่ 21'!$B$8:$AH$106,28,FALSE),0) | AP7: =IFERROR(VLOOKUP(B7,'วันที่ 22'!$B$8:$AH$105,28,FALSE),0) | AQ7: =IFERROR(VLOOKUP(B7,'วันที่ 23'!$B$8:$AH$107,28,FALSE),0) | AR7: =IFERROR(VLOOKUP(B7,'วันที่ 24'!$B$8:$AH$104,28,FALSE),0) | AS7: =IFERROR(VLOOKUP(B7,'วันที่ 25'!$B$8:$AH$106,28,FALSE),0) | AT7: =IFERROR(VLOOKUP(B7,'วันที่ 26'!$B$8:$AH$105,28,FALSE),0) | AU7: =IFERROR(VLOOKUP(B7,'วันที่ 26'!$B$8:$AH$104,28,FALSE),0) | AV7: =IFERROR(VLOOKUP(B7,'วันที่ 30'!$B$8:$AH$107,28,FALSE),0) | AW7: =IFERROR(VLOOKUP(B7,'วันที่ 31'!$B$8:$AG$105,28,FALSE),0) | AX7: =SUM(E7:AW7)
A8: 6 | B8: จุฑามาศ พลเยี่ยม | C8: =IFERROR(VLOOKUP(B8,Members!B:C,2,FALSE),0) | D8: =IFERROR(VLOOKUP(B8,Members!$B:$H,7,FALSE),0) | E8: =IFERROR(VLOOKUP(B8,'วันที่ 1'!$B$8:$AH$103,28,FALSE),0) - IFERROR(VLOOKUP(B8,'วันที่ 1'!$B$8:$AH$103,27,FALSE),0) | F8: =IFERROR(VLOOKUP(C8,'วันที่ 1'!$B$8:$AH$103,27,FALSE),0) | G8: =IFERROR(VLOOKUP(B8,'วันที่ 1'!$B$8:$AH$103,28,FALSE),0)-IFERROR(VLOOKUP(B8,'วันที่ 1'!$B$8:$AH$103,27,FALSE),0) | H8: =IFERROR(VLOOKUP(B8,'วันที่ 1'!$B$8:$AH$103,27,FALSE),0) | I8: =IFERROR(VLOOKUP(B8,'วันที่ 2'!$B$8:$AF$106,28,FALSE),0)-IFERROR(VLOOKUP(B8,'วันที่ 2'!$B$8:$AF$106,27,FALSE),0) | J8: =IFERROR(VLOOKUP(B8,'วันที่ 2'!$B$8:$AF$106,27,FALSE),0) | K8: =IFERROR(VLOOKUP(B8,'วันที่ 3 กะเช้า'!$B$8:$AK$106,28,FALSE),0)-IFERROR(VLOOKUP(B8,'วันที่ 3 กะเช้า'!$B$8:$AK$106,27,FALSE),0) | L8: =IFERROR(VLOOKUP(B8,'วันที่ 3 กะเช้า'!$B$8:$AK$106,27,FALSE),0) | M8: =IFERROR(VLOOKUP(B8,'วันที่ 4 กะเช้า'!$B$8:$AG$107,28,FALSE),0)-IFERROR(VLOOKUP(B8,'วันที่ 4 กะเช้า'!$B$8:$AG$107,27,FALSE),0) | N8: =IFERROR(VLOOKUP(B8,'วันที่ 4 กะเช้า'!$B$8:$AG$107,27,FALSE),0) | O8: =IFERROR(VLOOKUP(B8,'วันที่ 4 กะเช้า'!$B$8:$AH$106,28,FALSE),0)-IFERROR(VLOOKUP(B8,'วันที่ 4 กะเช้า'!$B$8:$AH$106,27,FALSE),0) | P8: =IFERROR(VLOOKUP(B8,'วันที่ 4 กะเช้า'!$B$8:$AH$106,27,FALSE),0) | Q8: =IFERROR(VLOOKUP(B8,'วันที่ 4 กะเช้า'!$B$8:$AH$106,28,FALSE),0)-IFERROR(VLOOKUP(B8,'วันที่ 4 กะเช้า'!$B$8:$AH$106,27,FALSE),0) | R8: =IFERROR(VLOOKUP(B8,'วันที่ 4 กะเช้า'!$B$8:$AH$106,27,FALSE),0) | S8: =IFERROR(VLOOKUP(B8,'วันที่ 5 กะเช้า'!$B$8:$AH$107,28,FALSE),0)-IFERROR(VLOOKUP(B8,'วันที่ 5 กะเช้า'!$B$8:$AH$107,27,FALSE),0) | T8: =IFERROR(VLOOKUP(B8,'วันที่ 5 กะเช้า'!$B$8:$AH$107,27,FALSE),0) | U8: =IFERROR(VLOOKUP(B8,'วันที่ 5 กะดึก'!$B$8:$AH$106,27,FALSE),0) | V8: =IFERROR(VLOOKUP(B8,'วันที่ 5 กะดึก'!$B$8:$AH$106,27,FALSE),0) | W8: =IFERROR(VLOOKUP(B8,'วันที่ 7'!$B$8:$AH$105,28,FALSE),0)-IFERROR(VLOOKUP(B8,'วันที่ 7'!$B$8:$AH$105,27,FALSE),0) | X8: =IFERROR(VLOOKUP(B8,'วันที่ 7'!$B$8:$AH$105,27,FALSE),0) | Y8: =IFERROR(VLOOKUP(B8,'วันที่ 8'!$B$8:$AH$109,28,FALSE),0)-IFERROR(VLOOKUP(B8,'วันที่ 8'!$B$8:$AH$109,27,FALSE),0) | Z8: =IFERROR(VLOOKUP(B8,'วันที่ 8'!$B$8:$AH$109,27,FALSE),0) | AA8: =IFERROR(VLOOKUP(B8,'กะเช้าวันที่ 12'!$B$8:$AC$102,28,FALSE),0)-IFERROR(VLOOKUP(B8,'กะเช้าวันที่ 12'!$B$8:$AC$102,27,FALSE),0) | AB8: =IFERROR(VLOOKUP(B8,'กะเช้าวันที่ 12'!$B$8:$AC$102,27,FALSE),0) | AC8: =IFERROR(VLOOKUP(B8,'กะเช้าวันที่ 14'!$B$8:$AC$104,28,FALSE),0)-IFERROR(VLOOKUP(B8,'กะเช้าวันที่ 14'!$B$8:$AC$104,27,FALSE),0) | AD8: =IFERROR(VLOOKUP(B8,'กะเช้าวันที่ 14'!$B$8:$AC$104,27,FALSE),0) | AE8: =IFERROR(VLOOKUP(B8,'กะดึกวันที่ 13'!$B$8:$AC$105,28,FALSE),0) | AG8: =IFERROR(VLOOKUP(B8,'วันที่ 12'!$B$8:$AH$105,28,FALSE),0) | AH8: =IFERROR(VLOOKUP(B8,'วันที่ 14'!$B$8:$AH$106,28,FALSE),0) | AI8: =IFERROR(VLOOKUP(B8,'วันที่ 15'!$B$8:$AH$106,28,FALSE),0) | AJ8: =IFERROR(VLOOKUP(B8,'วันที่ 16'!$B$8:$AH$105,28,FALSE),0) | AK8: =IFERROR(VLOOKUP(B8,'วันที่ 17'!$B$8:$AH$105,28,FALSE),0) | AL8: =IFERROR(VLOOKUP(B8,'วันที่ 18'!$B$8:$AH$104,28,FALSE),0) | AM8: =IFERROR(VLOOKUP(B8,'วันที่ 19'!$B$8:$AH$106,28,FALSE),0) | AN8: =IFERROR(VLOOKUP(B8,'วันที่ 20'!$B$8:$AH$105,28,FALSE),0) | AO8: =IFERROR(VLOOKUP(B8,'วันที่ 21'!$B$8:$AH$106,28,FALSE),0) | AP8: =IFERROR(VLOOKUP(B8,'วันที่ 22'!$B$8:$AH$105,28,FALSE),0) | AQ8: =IFERROR(VLOOKUP(B8,'วันที่ 23'!$B$8:$AH$107,28,FALSE),0) | AR8: =IFERROR(VLOOKUP(B8,'วันที่ 24'!$B$8:$AH$104,28,FALSE),0) | AS8: =IFERROR(VLOOKUP(B8,'วันที่ 25'!$B$8:$AH$106,28,FALSE),0) | AT8: =IFERROR(VLOOKUP(B8,'วันที่ 26'!$B$8:$AH$105,28,FALSE),0) | AU8: =IFERROR(VLOOKUP(B8,'วันที่ 26'!$B$8:$AH$104,28,FALSE),0) | AV8: =IFERROR(VLOOKUP(B8,'วันที่ 30'!$B$8:$AH$107,28,FALSE),0) | AW8: =IFERROR(VLOOKUP(B8,'วันที่ 31'!$B$8:$AG$105,28,FALSE),0) | AX8: =SUM(E8:AW8)
A9: 7 | B9: เกณิกา ฐาณัตตระกูล | C9: =IFERROR(VLOOKUP(B9,Members!B:C,2,FALSE),0) | D9: =IFERROR(VLOOKUP(B9,Members!$B:$H,7,FALSE),0) | E9: =IFERROR(VLOOKUP(B9,'วันที่ 1'!$B$8:$AH$103,28,FALSE),0) - IFERROR(VLOOKUP(B9,'วันที่ 1'!$B$8:$AH$103,27,FALSE),0) | F9: =IFERROR(VLOOKUP(C9,'วันที่ 1'!$B$8:$AH$103,27,FALSE),0) | G9: =IFERROR(VLOOKUP(B9,'วันที่ 1'!$B$8:$AH$103,28,FALSE),0)-IFERROR(VLOOKUP(B9,'วันที่ 1'!$B$8:$AH$103,27,FALSE),0) | H9: =IFERROR(VLOOKUP(B9,'วันที่ 1'!$B$8:$AH$103,27,FALSE),0) | I9: =IFERROR(VLOOKUP(B9,'วันที่ 2'!$B$8:$AF$106,28,FALSE),0)-IFERROR(VLOOKUP(B9,'วันที่ 2'!$B$8:$AF$106,27,FALSE),0) | J9: =IFERROR(VLOOKUP(B9,'วันที่ 2'!$B$8:$AF$106,27,FALSE),0) | K9: =IFERROR(VLOOKUP(B9,'วันที่ 3 กะเช้า'!$B$8:$AK$106,28,FALSE),0)-IFERROR(VLOOKUP(B9,'วันที่ 3 กะเช้า'!$B$8:$AK$106,27,FALSE),0) | L9: =IFERROR(VLOOKUP(B9,'วันที่ 3 กะเช้า'!$B$8:$AK$106,27,FALSE),0) | M9: =IFERROR(VLOOKUP(B9,'วันที่ 4 กะเช้า'!$B$8:$AG$107,28,FALSE),0)-IFERROR(VLOOKUP(B9,'วันที่ 4 กะเช้า'!$B$8:$AG$107,27,FALSE),0) | N9: =IFERROR(VLOOKUP(B9,'วันที่ 4 กะเช้า'!$B$8:$AG$107,27,FALSE),0) | O9: =IFERROR(VLOOKUP(B9,'วันที่ 4 กะเช้า'!$B$8:$AH$106,28,FALSE),0)-IFERROR(VLOOKUP(B9,'วันที่ 4 กะเช้า'!$B$8:$AH$106,27,FALSE),0) | P9: =IFERROR(VLOOKUP(B9,'วันที่ 4 กะเช้า'!$B$8:$AH$106,27,FALSE),0) | Q9: =IFERROR(VLOOKUP(B9,'วันที่ 4 กะเช้า'!$B$8:$AH$106,28,FALSE),0)-IFERROR(VLOOKUP(B9,'วันที่ 4 กะเช้า'!$B$8:$AH$106,27,FALSE),0) | R9: =IFERROR(VLOOKUP(B9,'วันที่ 4 กะเช้า'!$B$8:$AH$106,27,FALSE),0) | S9: =IFERROR(VLOOKUP(B9,'วันที่ 5 กะเช้า'!$B$8:$AH$107,28,FALSE),0)-IFERROR(VLOOKUP(B9,'วันที่ 5 กะเช้า'!$B$8:$AH$107,27,FALSE),0) | T9: =IFERROR(VLOOKUP(B9,'วันที่ 5 กะเช้า'!$B$8:$AH$107,27,FALSE),0) | U9: =IFERROR(VLOOKUP(B9,'วันที่ 5 กะดึก'!$B$8:$AH$106,27,FALSE),0) | V9: =IFERROR(VLOOKUP(B9,'วันที่ 5 กะดึก'!$B$8:$AH$106,27,FALSE),0) | W9: =IFERROR(VLOOKUP(B9,'วันที่ 7'!$B$8:$AH$105,28,FALSE),0)-IFERROR(VLOOKUP(B9,'วันที่ 7'!$B$8:$AH$105,27,FALSE),0) | X9: =IFERROR(VLOOKUP(B9,'วันที่ 7'!$B$8:$AH$105,27,FALSE),0) | Y9: =IFERROR(VLOOKUP(B9,'วันที่ 8'!$B$8:$AH$109,28,FALSE),0)-IFERROR(VLOOKUP(B9,'วันที่ 8'!$B$8:$AH$109,27,FALSE),0) | Z9: =IFERROR(VLOOKUP(B9,'วันที่ 8'!$B$8:$AH$109,27,FALSE),0) | AA9: =IFERROR(VLOOKUP(B9,'กะเช้าวันที่ 12'!$B$8:$AC$102,28,FALSE),0)-IFERROR(VLOOKUP(B9,'กะเช้าวันที่ 12'!$B$8:$AC$102,27,FALSE),0) | AB9: =IFERROR(VLOOKUP(B9,'กะเช้าวันที่ 12'!$B$8:$AC$102,27,FALSE),0) | AC9: =IFERROR(VLOOKUP(B9,'กะเช้าวันที่ 14'!$B$8:$AC$104,28,FALSE),0)-IFERROR(VLOOKUP(B9,'กะเช้าวันที่ 14'!$B$8:$AC$104,27,FALSE),0) | AD9: =IFERROR(VLOOKUP(B9,'กะเช้าวันที่ 14'!$B$8:$AC$104,27,FALSE),0) | AE9: =IFERROR(VLOOKUP(B9,'กะดึกวันที่ 13'!$B$8:$AC$105,28,FALSE),0) | AG9: =IFERROR(VLOOKUP(B9,'วันที่ 12'!$B$8:$AH$105,28,FALSE),0) | AH9: =IFERROR(VLOOKUP(B9,'วันที่ 14'!$B$8:$AH$106,28,FALSE),0) | AI9: =IFERROR(VLOOKUP(B9,'วันที่ 15'!$B$8:$AH$106,28,FALSE),0) | AJ9: =IFERROR(VLOOKUP(B9,'วันที่ 16'!$B$8:$AH$105,28,FALSE),0) | AK9: =IFERROR(VLOOKUP(B9,'วันที่ 17'!$B$8:$AH$105,28,FALSE),0) | AL9: =IFERROR(VLOOKUP(B9,'วันที่ 18'!$B$8:$AH$104,28,FALSE),0) | AM9: =IFERROR(VLOOKUP(B9,'วันที่ 19'!$B$8:$AH$106,28,FALSE),0) | AN9: =IFERROR(VLOOKUP(B9,'วันที่ 20'!$B$8:$AH$105,28,FALSE),0) | AO9: =IFERROR(VLOOKUP(B9,'วันที่ 21'!$B$8:$AH$106,28,FALSE),0) | AP9: =IFERROR(VLOOKUP(B9,'วันที่ 22'!$B$8:$AH$105,28,FALSE),0) | AQ9: =IFERROR(VLOOKUP(B9,'วันที่ 23'!$B$8:$AH$107,28,FALSE),0) | AR9: =IFERROR(VLOOKUP(B9,'วันที่ 24'!$B$8:$AH$104,28,FALSE),0) | AS9: =IFERROR(VLOOKUP(B9,'วันที่ 25'!$B$8:$AH$106,28,FALSE),0) | AT9: =IFERROR(VLOOKUP(B9,'วันที่ 26'!$B$8:$AH$105,28,FALSE),0) | AU9: =IFERROR(VLOOKUP(B9,'วันที่ 26'!$B$8:$AH$104,28,FALSE),0) | AV9: =IFERROR(VLOOKUP(B9,'วันที่ 30'!$B$8:$AH$107,28,FALSE),0) | AW9: =IFERROR(VLOOKUP(B9,'วันที่ 31'!$B$8:$AG$105,28,FALSE),0) | AX9: =SUM(E9:AW9)
A10: 8 | B10: อิสรศักดิ์ เวยสาร | C10: =IFERROR(VLOOKUP(B10,Members!B:C,2,FALSE),0) | D10: =IFERROR(VLOOKUP(B10,Members!$B:$H,7,FALSE),0) | E10: =IFERROR(VLOOKUP(B10,'วันที่ 1'!$B$8:$AH$103,28,FALSE),0) - IFERROR(VLOOKUP(B10,'วันที่ 1'!$B$8:$AH$103,27,FALSE),0) | F10: =IFERROR(VLOOKUP(C10,'วันที่ 1'!$B$8:$AH$103,27,FALSE),0) | G10: =IFERROR(VLOOKUP(B10,'วันที่ 1'!$B$8:$AH$103,28,FALSE),0)-IFERROR(VLOOKUP(B10,'วันที่ 1'!$B$8:$AH$103,27,FALSE),0) | H10: =IFERROR(VLOOKUP(B10,'วันที่ 1'!$B$8:$AH$103,27,FALSE),0) | I10: =IFERROR(VLOOKUP(B10,'วันที่ 2'!$B$8:$AF$106,28,FALSE),0)-IFERROR(VLOOKUP(B10,'วันที่ 2'!$B$8:$AF$106,27,FALSE),0) | J10: =IFERROR(VLOOKUP(B10,'วันที่ 2'!$B$8:$AF$106,27,FALSE),0) | K10: =IFERROR(VLOOKUP(B10,'วันที่ 3 กะเช้า'!$B$8:$AK$106,28,FALSE),0)-IFERROR(VLOOKUP(B10,'วันที่ 3 กะเช้า'!$B$8:$AK$106,27,FALSE),0) | L10: =IFERROR(VLOOKUP(B10,'วันที่ 3 กะเช้า'!$B$8:$AK$106,27,FALSE),0) | M10: =IFERROR(VLOOKUP(B10,'วันที่ 4 กะเช้า'!$B$8:$AG$107,28,FALSE),0)-IFERROR(VLOOKUP(B10,'วันที่ 4 กะเช้า'!$B$8:$AG$107,27,FALSE),0) | N10: =IFERROR(VLOOKUP(B10,'วันที่ 4 กะเช้า'!$B$8:$AG$107,27,FALSE),0) | O10: =IFERROR(VLOOKUP(B10,'วันที่ 4 กะเช้า'!$B$8:$AH$106,28,FALSE),0)-IFERROR(VLOOKUP(B10,'วันที่ 4 กะเช้า'!$B$8:$AH$106,27,FALSE),0) | P10: =IFERROR(VLOOKUP(B10,'วันที่ 4 กะเช้า'!$B$8:$AH$106,27,FALSE),0) | Q10: =IFERROR(VLOOKUP(B10,'วันที่ 4 กะเช้า'!$B$8:$AH$106,28,FALSE),0)-IFERROR(VLOOKUP(B10,'วันที่ 4 กะเช้า'!$B$8:$AH$106,27,FALSE),0) | R10: =IFERROR(VLOOKUP(B10,'วันที่ 4 กะเช้า'!$B$8:$AH$106,27,FALSE),0) | S10: =IFERROR(VLOOKUP(B10,'วันที่ 5 กะเช้า'!$B$8:$AH$107,28,FALSE),0)-IFERROR(VLOOKUP(B10,'วันที่ 5 กะเช้า'!$B$8:$AH$107,27,FALSE),0) | T10: =IFERROR(VLOOKUP(B10,'วันที่ 5 กะเช้า'!$B$8:$AH$107,27,FALSE),0) | U10: =IFERROR(VLOOKUP(B10,'วันที่ 5 กะดึก'!$B$8:$AH$106,27,FALSE),0) | V10: =IFERROR(VLOOKUP(B10,'วันที่ 5 กะดึก'!$B$8:$AH$106,27,FALSE),0) | W10: =IFERROR(VLOOKUP(B10,'วันที่ 7'!$B$8:$AH$105,28,FALSE),0)-IFERROR(VLOOKUP(B10,'วันที่ 7'!$B$8:$AH$105,27,FALSE),0) | X10: =IFERROR(VLOOKUP(B10,'วันที่ 7'!$B$8:$AH$105,27,FALSE),0) | Y10: =IFERROR(VLOOKUP(B10,'วันที่ 8'!$B$8:$AH$109,28,FALSE),0)-IFERROR(VLOOKUP(B10,'วันที่ 8'!$B$8:$AH$109,27,FALSE),0) | Z10: =IFERROR(VLOOKUP(B10,'วันที่ 8'!$B$8:$AH$109,27,FALSE),0) | AA10: =IFERROR(VLOOKUP(B10,'กะเช้าวันที่ 12'!$B$8:$AC$102,28,FALSE),0)-IFERROR(VLOOKUP(B10,'กะเช้าวันที่ 12'!$B$8:$AC$102,27,FALSE),0) | AB10: =IFERROR(VLOOKUP(B10,'กะเช้าวันที่ 12'!$B$8:$AC$102,27,FALSE),0) | AC10: =IFERROR(VLOOKUP(B10,'กะเช้าวันที่ 14'!$B$8:$AC$104,28,FALSE),0)-IFERROR(VLOOKUP(B10,'กะเช้าวันที่ 14'!$B$8:$AC$104,27,FALSE),0) | AD10: =IFERROR(VLOOKUP(B10,'กะเช้าวันที่ 14'!$B$8:$AC$104,27,FALSE),0) | AE10: =IFERROR(VLOOKUP(B10,'กะดึกวันที่ 13'!$B$8:$AC$105,28,FALSE),0) | AG10: =IFERROR(VLOOKUP(B10,'วันที่ 12'!$B$8:$AH$105,28,FALSE),0) | AH10: =IFERROR(VLOOKUP(B10,'วันที่ 14'!$B$8:$AH$106,28,FALSE),0) | AI10: =IFERROR(VLOOKUP(B10,'วันที่ 15'!$B$8:$AH$106,28,FALSE),0) | AJ10: =IFERROR(VLOOKUP(B10,'วันที่ 16'!$B$8:$AH$105,28,FALSE),0) | AK10: =IFERROR(VLOOKUP(B10,'วันที่ 17'!$B$8:$AH$105,28,FALSE),0) | AL10: =IFERROR(VLOOKUP(B10,'วันที่ 18'!$B$8:$AH$104,28,FALSE),0) | AM10: =IFERROR(VLOOKUP(B10,'วันที่ 19'!$B$8:$AH$106,28,FALSE),0) | AN10: =IFERROR(VLOOKUP(B10,'วันที่ 20'!$B$8:$AH$105,28,FALSE),0) | AO10: =IFERROR(VLOOKUP(B10,'วันที่ 21'!$B$8:$AH$106,28,FALSE),0) | AP10: =IFERROR(VLOOKUP(B10,'วันที่ 22'!$B$8:$AH$105,28,FALSE),0) | AQ10: =IFERROR(VLOOKUP(B10,'วันที่ 23'!$B$8:$AH$107,28,FALSE),0) | AR10: =IFERROR(VLOOKUP(B10,'วันที่ 24'!$B$8:$AH$104,28,FALSE),0) | AS10: =IFERROR(VLOOKUP(B10,'วันที่ 25'!$B$8:$AH$106,28,FALSE),0) | AT10: =IFERROR(VLOOKUP(B10,'วันที่ 26'!$B$8:$AH$105,28,FALSE),0) | AU10: =IFERROR(VLOOKUP(B10,'วันที่ 26'!$B$8:$AH$104,28,FALSE),0) | AV10: =IFERROR(VLOOKUP(B10,'วันที่ 30'!$B$8:$AH$107,28,FALSE),0) | AW10: =IFERROR(VLOOKUP(B10,'วันที่ 31'!$B$8:$AG$105,28,FALSE),0) | AX10: =SUM(E10:AW10)
A11: 9 | B11: ธนสิน จินดามณี | C11: =IFERROR(VLOOKUP(B11,Members!B:C,2,FALSE),0) | D11: =IFERROR(VLOOKUP(B11,Members!$B:$H,7,FALSE),0) | E11: =IFERROR(VLOOKUP(B11,'วันที่ 1'!$B$8:$AH$103,28,FALSE),0) - IFERROR(VLOOKUP(B11,'วันที่ 1'!$B$8:$AH$103,27,FALSE),0) | F11: =IFERROR(VLOOKUP(C11,'วันที่ 1'!$B$8:$AH$103,27,FALSE),0) | G11: =IFERROR(VLOOKUP(B11,'วันที่ 1'!$B$8:$AH$103,28,FALSE),0)-IFERROR(VLOOKUP(B11,'วันที่ 1'!$B$8:$AH$103,27,FALSE),0) | H11: =IFERROR(VLOOKUP(B11,'วันที่ 1'!$B$8:$AH$103,27,FALSE),0) | I11: =IFERROR(VLOOKUP(B11,'วันที่ 2'!$B$8:$AF$106,28,FALSE),0)-IFERROR(VLOOKUP(B11,'วันที่ 2'!$B$8:$AF$106,27,FALSE),0) | J11: =IFERROR(VLOOKUP(B11,'วันที่ 2'!$B$8:$AF$106,27,FALSE),0) | K11: =IFERROR(VLOOKUP(B11,'วันที่ 3 กะเช้า'!$B$8:$AK$106,28,FALSE),0)-IFERROR(VLOOKUP(B11,'วันที่ 3 กะเช้า'!$B$8:$AK$106,27,FALSE),0) | L11: =IFERROR(VLOOKUP(B11,'วันที่ 3 กะเช้า'!$B$8:$AK$106,27,FALSE),0) | M11: =IFERROR(VLOOKUP(B11,'วันที่ 4 กะเช้า'!$B$8:$AG$107,28,FALSE),0)-IFERROR(VLOOKUP(B11,'วันที่ 4 กะเช้า'!$B$8:$AG$107,27,FALSE),0) | N11: =IFERROR(VLOOKUP(B11,'วันที่ 4 กะเช้า'!$B$8:$AG$107,27,FALSE),0) | O11: =IFERROR(VLOOKUP(B11,'วันที่ 4 กะเช้า'!$B$8:$AH$106,28,FALSE),0)-IFERROR(VLOOKUP(B11,'วันที่ 4 กะเช้า'!$B$8:$AH$106,27,FALSE),0) | P11: =IFERROR(VLOOKUP(B11,'วันที่ 4 กะเช้า'!$B$8:$AH$106,27,FALSE),0) | Q11: =IFERROR(VLOOKUP(B11,'วันที่ 4 กะเช้า'!$B$8:$AH$106,28,FALSE),0)-IFERROR(VLOOKUP(B11,'วันที่ 4 กะเช้า'!$B$8:$AH$106,27,FALSE),0) | R11: =IFERROR(VLOOKUP(B11,'วันที่ 4 กะเช้า'!$B$8:$AH$106,27,FALSE),0) | S11: =IFERROR(VLOOKUP(B11,'วันที่ 5 กะเช้า'!$B$8:$AH$107,28,FALSE),0)-IFERROR(VLOOKUP(B11,'วันที่ 5 กะเช้า'!$B$8:$AH$107,27,FALSE),0) | T11: =IFERROR(VLOOKUP(B11,'วันที่ 5 กะเช้า'!$B$8:$AH$107,27,FALSE),0) | U11: =IFERROR(VLOOKUP(B11,'วันที่ 5 กะดึก'!$B$8:$AH$106,27,FALSE),0) | V11: =IFERROR(VLOOKUP(B11,'วันที่ 5 กะดึก'!$B$8:$AH$106,27,FALSE),0) | W11: =IFERROR(VLOOKUP(B11,'วันที่ 7'!$B$8:$AH$105,28,FALSE),0)-IFERROR(VLOOKUP(B11,'วันที่ 7'!$B$8:$AH$105,27,FALSE),0) | X11: =IFERROR(VLOOKUP(B11,'วันที่ 7'!$B$8:$AH$105,27,FALSE),0) | Y11: =IFERROR(VLOOKUP(B11,'วันที่ 8'!$B$8:$AH$109,28,FALSE),0)-IFERROR(VLOOKUP(B11,'วันที่ 8'!$B$8:$AH$109,27,FALSE),0) | Z11: =IFERROR(VLOOKUP(B11,'วันที่ 8'!$B$8:$AH$109,27,FALSE),0) | AA11: =IFERROR(VLOOKUP(B11,'กะเช้าวันที่ 12'!$B$8:$AC$102,28,FALSE),0)-IFERROR(VLOOKUP(B11,'กะเช้าวันที่ 12'!$B$8:$AC$102,27,FALSE),0) | AB11: =IFERROR(VLOOKUP(B11,'กะเช้าวันที่ 12'!$B$8:$AC$102,27,FALSE),0) | AC11: =IFERROR(VLOOKUP(B11,'กะเช้าวันที่ 14'!$B$8:$AC$104,28,FALSE),0)-IFERROR(VLOOKUP(B11,'กะเช้าวันที่ 14'!$B$8:$AC$104,27,FALSE),0) | AD11: =IFERROR(VLOOKUP(B11,'กะเช้าวันที่ 14'!$B$8:$AC$104,27,FALSE),0) | AE11: =IFERROR(VLOOKUP(B11,'กะดึกวันที่ 13'!$B$8:$AC$105,28,FALSE),0) | AG11: =IFERROR(VLOOKUP(B11,'วันที่ 12'!$B$8:$AH$105,28,FALSE),0) | AH11: =IFERROR(VLOOKUP(B11,'วันที่ 14'!$B$8:$AH$106,28,FALSE),0) | AI11: =IFERROR(VLOOKUP(B11,'วันที่ 15'!$B$8:$AH$106,28,FALSE),0) | AJ11: =IFERROR(VLOOKUP(B11,'วันที่ 16'!$B$8:$AH$105,28,FALSE),0) | AK11: =IFERROR(VLOOKUP(B11,'วันที่ 17'!$B$8:$AH$105,28,FALSE),0) | AL11: =IFERROR(VLOOKUP(B11,'วันที่ 18'!$B$8:$AH$104,28,FALSE),0) | AM11: =IFERROR(VLOOKUP(B11,'วันที่ 19'!$B$8:$AH$106,28,FALSE),0) | AN11: =IFERROR(VLOOKUP(B11,'วันที่ 20'!$B$8:$AH$105,28,FALSE),0) | AO11: =IFERROR(VLOOKUP(B11,'วันที่ 21'!$B$8:$AH$106,28,FALSE),0) | AP11: =IFERROR(VLOOKUP(B11,'วันที่ 22'!$B$8:$AH$105,28,FALSE),0) | AQ11: =IFERROR(VLOOKUP(B11,'วันที่ 23'!$B$8:$AH$107,28,FALSE),0) | AR11: =IFERROR(VLOOKUP(B11,'วันที่ 24'!$B$8:$AH$104,28,FALSE),0) | AS11: =IFERROR(VLOOKUP(B11,'วันที่ 25'!$B$8:$AH$106,28,FALSE),0) | AT11: =IFERROR(VLOOKUP(B11,'วันที่ 26'!$B$8:$AH$105,28,FALSE),0) | AU11: =IFERROR(VLOOKUP(B11,'วันที่ 26'!$B$8:$AH$104,28,FALSE),0) | AV11: =IFERROR(VLOOKUP(B11,'วันที่ 30'!$B$8:$AH$107,28,FALSE),0) | AW11: =IFERROR(VLOOKUP(B11,'วันที่ 31'!$B$8:$AG$105,28,FALSE),0) | AX11: =SUM(E11:AW11)
A12: 10 | B12: สุรชาติ ดีกล้า | C12: =IFERROR(VLOOKUP(B12,Members!B:C,2,FALSE),0) | D12: =IFERROR(VLOOKUP(B12,Members!$B:$H,7,FALSE),0) | E12: =IFERROR(VLOOKUP(B12,'วันที่ 1'!$B$8:$AH$103,28,FALSE),0) - IFERROR(VLOOKUP(B12,'วันที่ 1'!$B$8:$AH$103,27,FALSE),0) | F12: =IFERROR(VLOOKUP(C12,'วันที่ 1'!$B$8:$AH$103,27,FALSE),0) | G12: =IFERROR(VLOOKUP(B12,'วันที่ 1'!$B$8:$AH$103,28,FALSE),0)-IFERROR(VLOOKUP(B12,'วันที่ 1'!$B$8:$AH$103,27,FALSE),0) | H12: =IFERROR(VLOOKUP(B12,'วันที่ 1'!$B$8:$AH$103,27,FALSE),0) | I12: =IFERROR(VLOOKUP(B12,'วันที่ 2'!$B$8:$AF$106,28,FALSE),0)-IFERROR(VLOOKUP(B12,'วันที่ 2'!$B$8:$AF$106,27,FALSE),0) | J12: =IFERROR(VLOOKUP(B12,'วันที่ 2'!$B$8:$AF$106,27,FALSE),0) | K12: =IFERROR(VLOOKUP(B12,'วันที่ 3 กะเช้า'!$B$8:$AK$106,28,FALSE),0)-IFERROR(VLOOKUP(B12,'วันที่ 3 กะเช้า'!$B$8:$AK$106,27,FALSE),0) | L12: =IFERROR(VLOOKUP(B12,'วันที่ 3 กะเช้า'!$B$8:$AK$106,27,FALSE),0) | M12: =IFERROR(VLOOKUP(B12,'วันที่ 4 กะเช้า'!$B$8:$AG$107,28,FALSE),0)-IFERROR(VLOOKUP(B12,'วันที่ 4 กะเช้า'!$B$8:$AG$107,27,FALSE),0) | N12: =IFERROR(VLOOKUP(B12,'วันที่ 4 กะเช้า'!$B$8:$AG$107,27,FALSE),0) | O12: =IFERROR(VLOOKUP(B12,'วันที่ 4 กะเช้า'!$B$8:$AH$106,28,FALSE),0)-IFERROR(VLOOKUP(B12,'วันที่ 4 กะเช้า'!$B$8:$AH$106,27,FALSE),0) | P12: =IFERROR(VLOOKUP(B12,'วันที่ 4 กะเช้า'!$B$8:$AH$106,27,FALSE),0) | Q12: =IFERROR(VLOOKUP(B12,'วันที่ 4 กะเช้า'!$B$8:$AH$106,28,FALSE),0)-IFERROR(VLOOKUP(B12,'วันที่ 4 กะเช้า'!$B$8:$AH$106,27,FALSE),0) | R12: =IFERROR(VLOOKUP(B12,'วันที่ 4 กะเช้า'!$B$8:$AH$106,27,FALSE),0) | S12: =IFERROR(VLOOKUP(B12,'วันที่ 5 กะเช้า'!$B$8:$AH$107,28,FALSE),0)-IFERROR(VLOOKUP(B12,'วันที่ 5 กะเช้า'!$B$8:$AH$107,27,FALSE),0) | T12: =IFERROR(VLOOKUP(B12,'วันที่ 5 กะเช้า'!$B$8:$AH$107,27,FALSE),0) | U12: =IFERROR(VLOOKUP(B12,'วันที่ 5 กะดึก'!$B$8:$AH$106,27,FALSE),0) | V12: =IFERROR(VLOOKUP(B12,'วันที่ 5 กะดึก'!$B$8:$AH$106,27,FALSE),0) | W12: =IFERROR(VLOOKUP(B12,'วันที่ 7'!$B$8:$AH$105,28,FALSE),0)-IFERROR(VLOOKUP(B12,'วันที่ 7'!$B$8:$AH$105,27,FALSE),0) | X12: =IFERROR(VLOOKUP(B12,'วันที่ 7'!$B$8:$AH$105,27,FALSE),0) | Y12: =IFERROR(VLOOKUP(B12,'วันที่ 8'!$B$8:$AH$109,28,FALSE),0)-IFERROR(VLOOKUP(B12,'วันที่ 8'!$B$8:$AH$109,27,FALSE),0) | Z12: =IFERROR(VLOOKUP(B12,'วันที่ 8'!$B$8:$AH$109,27,FALSE),0) | AA12: =IFERROR(VLOOKUP(B12,'กะเช้าวันที่ 12'!$B$8:$AC$102,28,FALSE),0)-IFERROR(VLOOKUP(B12,'กะเช้าวันที่ 12'!$B$8:$AC$102,27,FALSE),0) | AB12: =IFERROR(VLOOKUP(B12,'กะเช้าวันที่ 12'!$B$8:$AC$102,27,FALSE),0) | AC12: =IFERROR(VLOOKUP(B12,'กะเช้าวันที่ 14'!$B$8:$AC$104,28,FALSE),0)-IFERROR(VLOOKUP(B12,'กะเช้าวันที่ 14'!$B$8:$AC$104,27,FALSE),0) | AD12: =IFERROR(VLOOKUP(B12,'กะเช้าวันที่ 14'!$B$8:$AC$104,27,FALSE),0) | AE12: =IFERROR(VLOOKUP(B12,'กะดึกวันที่ 13'!$B$8:$AC$105,28,FALSE),0) | AG12: =IFERROR(VLOOKUP(B12,'วันที่ 12'!$B$8:$AH$105,28,FALSE),0) | AH12: =IFERROR(VLOOKUP(B12,'วันที่ 14'!$B$8:$AH$106,28,FALSE),0) | AI12: =IFERROR(VLOOKUP(B12,'วันที่ 15'!$B$8:$AH$106,28,FALSE),0) | AJ12: =IFERROR(VLOOKUP(B12,'วันที่ 16'!$B$8:$AH$105,28,FALSE),0) | AK12: =IFERROR(VLOOKUP(B12,'วันที่ 17'!$B$8:$AH$105,28,FALSE),0) | AL12: =IFERROR(VLOOKUP(B12,'วันที่ 18'!$B$8:$AH$104,28,FALSE),0) | AM12: =IFERROR(VLOOKUP(B12,'วันที่ 19'!$B$8:$AH$106,28,FALSE),0) | AN12: =IFERROR(VLOOKUP(B12,'วันที่ 20'!$B$8:$AH$105,28,FALSE),0) | AO12: =IFERROR(VLOOKUP(B12,'วันที่ 21'!$B$8:$AH$106,28,FALSE),0) | AP12: =IFERROR(VLOOKUP(B12,'วันที่ 22'!$B$8:$AH$105,28,FALSE),0) | AQ12: =IFERROR(VLOOKUP(B12,'วันที่ 23'!$B$8:$AH$107,28,FALSE),0) | AR12: =IFERROR(VLOOKUP(B12,'วันที่ 24'!$B$8:$AH$104,28,FALSE),0) | AS12: =IFERROR(VLOOKUP(B12,'วันที่ 25'!$B$8:$AH$106,28,FALSE),0) | AT12: =IFERROR(VLOOKUP(B12,'วันที่ 26'!$B$8:$AH$105,28,FALSE),0) | AU12: =IFERROR(VLOOKUP(B12,'วันที่ 26'!$B$8:$AH$104,28,FALSE),0) | AV12: =IFERROR(VLOOKUP(B12,'วันที่ 30'!$B$8:$AH$107,28,FALSE),0) | AW12: =IFERROR(VLOOKUP(B12,'วันที่ 31'!$B$8:$AG$105,28,FALSE),0) | AX12: =SUM(E12:AW12)
A13: 11 | B13: วิภาวดี ยอดคำ | C13: =IFERROR(VLOOKUP(B13,Members!B:C,2,FALSE),0) | D13: =IFERROR(VLOOKUP(B13,Members!$B:$H,7,FALSE),0) | E13: =IFERROR(VLOOKUP(B13,'วันที่ 1'!$B$8:$AH$103,28,FALSE),0) - IFERROR(VLOOKUP(B13,'วันที่ 1'!$B$8:$AH$103,27,FALSE),0) | F13: =IFERROR(VLOOKUP(C13,'วันที่ 1'!$B$8:$AH$103,27,FALSE),0) | G13: =IFERROR(VLOOKUP(B13,'วันที่ 1'!$B$8:$AH$103,28,FALSE),0)-IFERROR(VLOOKUP(B13,'วันที่ 1'!$B$8:$AH$103,27,FALSE),0) | H13: =IFERROR(VLOOKUP(B13,'วันที่ 1'!$B$8:$AH$103,27,FALSE),0) | I13: =IFERROR(VLOOKUP(B13,'วันที่ 2'!$B$8:$AF$106,28,FALSE),0)-IFERROR(VLOOKUP(B13,'วันที่ 2'!$B$8:$AF$106,27,FALSE),0) | J13: =IFERROR(VLOOKUP(B13,'วันที่ 2'!$B$8:$AF$106,27,FALSE),0) | K13: =IFERROR(VLOOKUP(B13,'วันที่ 3 กะเช้า'!$B$8:$AK$106,28,FALSE),0)-IFERROR(VLOOKUP(B13,'วันที่ 3 กะเช้า'!$B$8:$AK$106,27,FALSE),0) | L13: =IFERROR(VLOOKUP(B13,'วันที่ 3 กะเช้า'!$B$8:$AK$106,27,FALSE),0) | M13: =IFERROR(VLOOKUP(B13,'วันที่ 4 กะเช้า'!$B$8:$AG$107,28,FALSE),0)-IFERROR(VLOOKUP(B13,'วันที่ 4 กะเช้า'!$B$8:$AG$107,27,FALSE),0) | N13: =IFERROR(VLOOKUP(B13,'วันที่ 4 กะเช้า'!$B$8:$AG$107,27,FALSE),0) | O13: =IFERROR(VLOOKUP(B13,'วันที่ 4 กะเช้า'!$B$8:$AH$106,28,FALSE),0)-IFERROR(VLOOKUP(B13,'วันที่ 4 กะเช้า'!$B$8:$AH$106,27,FALSE),0) | P13: =IFERROR(VLOOKUP(B13,'วันที่ 4 กะเช้า'!$B$8:$AH$106,27,FALSE),0) | Q13: =IFERROR(VLOOKUP(B13,'วันที่ 4 กะเช้า'!$B$8:$AH$106,28,FALSE),0)-IFERROR(VLOOKUP(B13,'วันที่ 4 กะเช้า'!$B$8:$AH$106,27,FALSE),0) | R13: =IFERROR(VLOOKUP(B13,'วันที่ 4 กะเช้า'!$B$8:$AH$106,27,FALSE),0) | S13: =IFERROR(VLOOKUP(B13,'วันที่ 5 กะเช้า'!$B$8:$AH$107,28,FALSE),0)-IFERROR(VLOOKUP(B13,'วันที่ 5 กะเช้า'!$B$8:$AH$107,27,FALSE),0) | T13: =IFERROR(VLOOKUP(B13,'วันที่ 5 กะเช้า'!$B$8:$AH$107,27,FALSE),0) | U13: =IFERROR(VLOOKUP(B13,'วันที่ 5 กะดึก'!$B$8:$AH$106,27,FALSE),0) | V13: =IFERROR(VLOOKUP(B13,'วันที่ 5 กะดึก'!$B$8:$AH$106,27,FALSE),0) | W13: =IFERROR(VLOOKUP(B13,'วันที่ 7'!$B$8:$AH$105,28,FALSE),0)-IFERROR(VLOOKUP(B13,'วันที่ 7'!$B$8:$AH$105,27,FALSE),0) | X13: =IFERROR(VLOOKUP(B13,'วันที่ 7'!$B$8:$AH$105,27,FALSE),0) | Y13: =IFERROR(VLOOKUP(B13,'วันที่ 8'!$B$8:$AH$109,28,FALSE),0)-IFERROR(VLOOKUP(B13,'วันที่ 8'!$B$8:$AH$109,27,FALSE),0) | Z13: =IFERROR(VLOOKUP(B13,'วันที่ 8'!$B$8:$AH$109,27,FALSE),0) | AA13: =IFERROR(VLOOKUP(B13,'กะเช้าวันที่ 12'!$B$8:$AC$102,28,FALSE),0)-IFERROR(VLOOKUP(B13,'กะเช้าวันที่ 12'!$B$8:$AC$102,27,FALSE),0) | AB13: =IFERROR(VLOOKUP(B13,'กะเช้าวันที่ 12'!$B$8:$AC$102,27,FALSE),0) | AC13: =IFERROR(VLOOKUP(B13,'กะเช้าวันที่ 14'!$B$8:$AC$104,28,FALSE),0)-IFERROR(VLOOKUP(B13,'กะเช้าวันที่ 14'!$B$8:$AC$104,27,FALSE),0) | AD13: =IFERROR(VLOOKUP(B13,'กะเช้าวันที่ 14'!$B$8:$AC$104,27,FALSE),0) | AE13: =IFERROR(VLOOKUP(B13,'กะดึกวันที่ 13'!$B$8:$AC$105,28,FALSE),0) | AG13: =IFERROR(VLOOKUP(B13,'วันที่ 12'!$B$8:$AH$105,28,FALSE),0) | AH13: =IFERROR(VLOOKUP(B13,'วันที่ 14'!$B$8:$AH$106,28,FALSE),0) | AI13: =IFERROR(VLOOKUP(B13,'วันที่ 15'!$B$8:$AH$106,28,FALSE),0) | AJ13: =IFERROR(VLOOKUP(B13,'วันที่ 16'!$B$8:$AH$105,28,FALSE),0) | AK13: =IFERROR(VLOOKUP(B13,'วันที่ 17'!$B$8:$AH$105,28,FALSE),0) | AL13: =IFERROR(VLOOKUP(B13,'วันที่ 18'!$B$8:$AH$104,28,FALSE),0) | AM13: =IFERROR(VLOOKUP(B13,'วันที่ 19'!$B$8:$AH$106,28,FALSE),0) | AN13: =IFERROR(VLOOKUP(B13,'วันที่ 20'!$B$8:$AH$105,28,FALSE),0) | AO13: =IFERROR(VLOOKUP(B13,'วันที่ 21'!$B$8:$AH$106,28,FALSE),0) | AP13: =IFERROR(VLOOKUP(B13,'วันที่ 22'!$B$8:$AH$105,28,FALSE),0) | AQ13: =IFERROR(VLOOKUP(B13,'วันที่ 23'!$B$8:$AH$107,28,FALSE),0) | AR13: =IFERROR(VLOOKUP(B13,'วันที่ 24'!$B$8:$AH$104,28,FALSE),0) | AS13: =IFERROR(VLOOKUP(B13,'วันที่ 25'!$B$8:$AH$106,28,FALSE),0) | AT13: =IFERROR(VLOOKUP(B13,'วันที่ 26'!$B$8:$AH$105,28,FALSE),0) | AU13: =IFERROR(VLOOKUP(B13,'วันที่ 26'!$B$8:$AH$104,28,FALSE),0) | AV13: =IFERROR(VLOOKUP(B13,'วันที่ 30'!$B$8:$AH$107,28,FALSE),0) | AW13: =IFERROR(VLOOKUP(B13,'วันที่ 31'!$B$8:$AG$105,28,FALSE),0) | AX13: =SUM(E13:AW13)
A14: 12 | B14: ฟารดา สารจันทร์ | C14: =IFERROR(VLOOKUP(B14,Members!B:C,2,FALSE),0) | D14: =IFERROR(VLOOKUP(B14,Members!$B:$H,7,FALSE),0) | E14: =IFERROR(VLOOKUP(B14,'วันที่ 1'!$B$8:$AH$103,28,FALSE),0) - IFERROR(VLOOKUP(B14,'วันที่ 1'!$B$8:$AH$103,27,FALSE),0) | F14: =IFERROR(VLOOKUP(C14,'วันที่ 1'!$B$8:$AH$103,27,FALSE),0) | G14: =IFERROR(VLOOKUP(B14,'วันที่ 1'!$B$8:$AH$103,28,FALSE),0)-IFERROR(VLOOKUP(B14,'วันที่ 1'!$B$8:$AH$103,27,FALSE),0) | H14: =IFERROR(VLOOKUP(B14,'วันที่ 1'!$B$8:$AH$103,27,FALSE),0) | I14: =IFERROR(VLOOKUP(B14,'วันที่ 2'!$B$8:$AF$106,28,FALSE),0)-IFERROR(VLOOKUP(B14,'วันที่ 2'!$B$8:$AF$106,27,FALSE),0) | J14: =IFERROR(VLOOKUP(B14,'วันที่ 2'!$B$8:$AF$106,27,FALSE),0) | K14: =IFERROR(VLOOKUP(B14,'วันที่ 3 กะเช้า'!$B$8:$AK$106,28,FALSE),0)-IFERROR(VLOOKUP(B14,'วันที่ 3 กะเช้า'!$B$8:$AK$106,27,FALSE),0) | L14: =IFERROR(VLOOKUP(B14,'วันที่ 3 กะเช้า'!$B$8:$AK$106,27,FALSE),0) | M14: =IFERROR(VLOOKUP(B14,'วันที่ 4 กะเช้า'!$B$8:$AG$107,28,FALSE),0)-IFERROR(VLOOKUP(B14,'วันที่ 4 กะเช้า'!$B$8:$AG$107,27,FALSE),0) | N14: =IFERROR(VLOOKUP(B14,'วันที่ 4 กะเช้า'!$B$8:$AG$107,27,FALSE),0) | O14: =IFERROR(VLOOKUP(B14,'วันที่ 4 กะเช้า'!$B$8:$AH$106,28,FALSE),0)-IFERROR(VLOOKUP(B14,'วันที่ 4 กะเช้า'!$B$8:$AH$106,27,FALSE),0) | P14: =IFERROR(VLOOKUP(B14,'วันที่ 4 กะเช้า'!$B$8:$AH$106,27,FALSE),0) | Q14: =IFERROR(VLOOKUP(B14,'วันที่ 4 กะเช้า'!$B$8:$AH$106,28,FALSE),0)-IFERROR(VLOOKUP(B14,'วันที่ 4 กะเช้า'!$B$8:$AH$106,27,FALSE),0) | R14: =IFERROR(VLOOKUP(B14,'วันที่ 4 กะเช้า'!$B$8:$AH$106,27,FALSE),0) | S14: =IFERROR(VLOOKUP(B14,'วันที่ 5 กะเช้า'!$B$8:$AH$107,28,FALSE),0)-IFERROR(VLOOKUP(B14,'วันที่ 5 กะเช้า'!$B$8:$AH$107,27,FALSE),0) | T14: =IFERROR(VLOOKUP(B14,'วันที่ 5 กะเช้า'!$B$8:$AH$107,27,FALSE),0) | U14: =IFERROR(VLOOKUP(B14,'วันที่ 5 กะดึก'!$B$8:$AH$106,27,FALSE),0) | V14: =IFERROR(VLOOKUP(B14,'วันที่ 5 กะดึก'!$B$8:$AH$106,27,FALSE),0) | W14: =IFERROR(VLOOKUP(B14,'วันที่ 7'!$B$8:$AH$105,28,FALSE),0)-IFERROR(VLOOKUP(B14,'วันที่ 7'!$B$8:$AH$105,27,FALSE),0) | X14: =IFERROR(VLOOKUP(B14,'วันที่ 7'!$B$8:$AH$105,27,FALSE),0) | Y14: =IFERROR(VLOOKUP(B14,'วันที่ 8'!$B$8:$AH$109,28,FALSE),0)-IFERROR(VLOOKUP(B14,'วันที่ 8'!$B$8:$AH$109,27,FALSE),0) | Z14: =IFERROR(VLOOKUP(B14,'วันที่ 8'!$B$8:$AH$109,27,FALSE),0) | AA14: =IFERROR(VLOOKUP(B14,'กะเช้าวันที่ 12'!$B$8:$AC$102,28,FALSE),0)-IFERROR(VLOOKUP(B14,'กะเช้าวันที่ 12'!$B$8:$AC$102,27,FALSE),0) | AB14: =IFERROR(VLOOKUP(B14,'กะเช้าวันที่ 12'!$B$8:$AC$102,27,FALSE),0) | AC14: =IFERROR(VLOOKUP(B14,'กะเช้าวันที่ 14'!$B$8:$AC$104,28,FALSE),0)-IFERROR(VLOOKUP(B14,'กะเช้าวันที่ 14'!$B$8:$AC$104,27,FALSE),0) | AD14: =IFERROR(VLOOKUP(B14,'กะเช้าวันที่ 14'!$B$8:$AC$104,27,FALSE),0) | AE14: =IFERROR(VLOOKUP(B14,'กะดึกวันที่ 13'!$B$8:$AC$105,28,FALSE),0) | AG14: =IFERROR(VLOOKUP(B14,'วันที่ 12'!$B$8:$AH$105,28,FALSE),0) | AH14: =IFERROR(VLOOKUP(B14,'วันที่ 14'!$B$8:$AH$106,28,FALSE),0) | AI14: =IFERROR(VLOOKUP(B14,'วันที่ 15'!$B$8:$AH$106,28,FALSE),0) | AJ14: =IFERROR(VLOOKUP(B14,'วันที่ 16'!$B$8:$AH$105,28,FALSE),0) | AK14: =IFERROR(VLOOKUP(B14,'วันที่ 17'!$B$8:$AH$105,28,FALSE),0) | AL14: =IFERROR(VLOOKUP(B14,'วันที่ 18'!$B$8:$AH$104,28,FALSE),0) | AM14: =IFERROR(VLOOKUP(B14,'วันที่ 19'!$B$8:$AH$106,28,FALSE),0) | AN14: =IFERROR(VLOOKUP(B14,'วันที่ 20'!$B$8:$AH$105,28,FALSE),0) | AO14: =IFERROR(VLOOKUP(B14,'วันที่ 21'!$B$8:$AH$106,28,FALSE),0) | AP14: =IFERROR(VLOOKUP(B14,'วันที่ 22'!$B$8:$AH$105,28,FALSE),0) | AQ14: =IFERROR(VLOOKUP(B14,'วันที่ 23'!$B$8:$AH$107,28,FALSE),0) | AR14: =IFERROR(VLOOKUP(B14,'วันที่ 24'!$B$8:$AH$104,28,FALSE),0) | AS14: =IFERROR(VLOOKUP(B14,'วันที่ 25'!$B$8:$AH$106,28,FALSE),0) | AT14: =IFERROR(VLOOKUP(B14,'วันที่ 26'!$B$8:$AH$105,28,FALSE),0) | AU14: =IFERROR(VLOOKUP(B14,'วันที่ 26'!$B$8:$AH$104,28,FALSE),0) | AV14: =IFERROR(VLOOKUP(B14,'วันที่ 30'!$B$8:$AH$107,28,FALSE),0) | AW14: =IFERROR(VLOOKUP(B14,'วันที่ 31'!$B$8:$AG$105,28,FALSE),0) | AX14: =SUM(E14:AW14)
... A83: 85 | B83: ชลธิชา ภูพานแดง | C83: =IFERROR(VLOOKUP(B83,Members!B:C,2,FALSE),0) | D83: =IFERROR(VLOOKUP(B83,Members!$B:$H,7,FALSE),0) | E83: =IFERROR(VLOOKUP(B83,'วันที่ 1'!$B$8:$AH$103,28,FALSE),0) - IFERROR(VLOOKUP(B83,'วันที่ 1'!$B$8:$AH$103,27,FALSE),0) | F83: =IFERROR(VLOOKUP(C83,'วันที่ 1'!$B$8:$AH$103,27,FALSE),0) | G83: =IFERROR(VLOOKUP(B83,'วันที่ 1'!$B$8:$AH$103,28,FALSE),0)-IFERROR(VLOOKUP(B83,'วันที่ 1'!$B$8:$AH$103,27,FALSE),0) | H83: =IFERROR(VLOOKUP(B83,'วันที่ 1'!$B$8:$AH$103,27,FALSE),0) | I83: =IFERROR(VLOOKUP(B83,'วันที่ 2'!$B$8:$AF$106,28,FALSE),0)-IFERROR(VLOOKUP(B83,'วันที่ 2'!$B$8:$AF$106,27,FALSE),0) | J83: =IFERROR(VLOOKUP(B83,'วันที่ 2'!$B$8:$AF$106,27,FALSE),0) | K83: =IFERROR(VLOOKUP(B83,'วันที่ 3 กะเช้า'!$B$8:$AK$106,28,FALSE),0)-IFERROR(VLOOKUP(B83,'วันที่ 3 กะเช้า'!$B$8:$AK$106,27,FALSE),0) | L83: =IFERROR(VLOOKUP(B83,'วันที่ 3 กะเช้า'!$B$8:$AK$106,27,FALSE),0) | M83: =IFERROR(VLOOKUP(B83,'วันที่ 4 กะเช้า'!$B$8:$AG$107,28,FALSE),0)-IFERROR(VLOOKUP(B83,'วันที่ 4 กะเช้า'!$B$8:$AG$107,27,FALSE),0) | N83: =IFERROR(VLOOKUP(B83,'วันที่ 4 กะเช้า'!$B$8:$AG$107,27,FALSE),0) | O83: =IFERROR(VLOOKUP(B83,'วันที่ 4 กะเช้า'!$B$8:$AH$106,28,FALSE),0)-IFERROR(VLOOKUP(B83,'วันที่ 4 กะเช้า'!$B$8:$AH$106,27,FALSE),0) | P83: =IFERROR(VLOOKUP(B83,'วันที่ 4 กะเช้า'!$B$8:$AH$106,27,FALSE),0) | Q83: =IFERROR(VLOOKUP(B83,'วันที่ 4 กะเช้า'!$B$8:$AH$106,28,FALSE),0)-IFERROR(VLOOKUP(B83,'วันที่ 4 กะเช้า'!$B$8:$AH$106,27,FALSE),0) | R83: =IFERROR(VLOOKUP(B83,'วันที่ 4 กะเช้า'!$B$8:$AH$106,27,FALSE),0) | S83: =IFERROR(VLOOKUP(B83,'วันที่ 5 กะเช้า'!$B$8:$AH$107,28,FALSE),0)-IFERROR(VLOOKUP(B83,'วันที่ 5 กะเช้า'!$B$8:$AH$107,27,FALSE),0) | T83: =IFERROR(VLOOKUP(B83,'วันที่ 5 กะเช้า'!$B$8:$AH$107,27,FALSE),0) | U83: =IFERROR(VLOOKUP(B83,'วันที่ 5 กะดึก'!$B$8:$AH$106,27,FALSE),0) | V83: =IFERROR(VLOOKUP(B83,'วันที่ 5 กะดึก'!$B$8:$AH$106,27,FALSE),0) | W83: =IFERROR(VLOOKUP(B83,'วันที่ 7'!$B$8:$AH$105,28,FALSE),0)-IFERROR(VLOOKUP(B83,'วันที่ 7'!$B$8:$AH$105,27,FALSE),0) | X83: =IFERROR(VLOOKUP(B83,'วันที่ 7'!$B$8:$AH$105,27,FALSE),0) | Y83: =IFERROR(VLOOKUP(B83,'วันที่ 8'!$B$8:$AH$109,28,FALSE),0)-IFERROR(VLOOKUP(B83,'วันที่ 8'!$B$8:$AH$109,27,FALSE),0) | Z83: =IFERROR(VLOOKUP(B83,'วันที่ 8'!$B$8:$AH$109,27,FALSE),0) | AA83: =IFERROR(VLOOKUP(B83,'กะเช้าวันที่ 12'!$B$8:$AC$102,28,FALSE),0)-IFERROR(VLOOKUP(B83,'กะเช้าวันที่ 12'!$B$8:$AC$102,27,FALSE),0) | AB83: =IFERROR(VLOOKUP(B83,'กะเช้าวันที่ 12'!$B$8:$AC$102,27,FALSE),0) | AC83: =IFERROR(VLOOKUP(B83,'กะเช้าวันที่ 14'!$B$8:$AC$104,28,FALSE),0)-IFERROR(VLOOKUP(B83,'กะเช้าวันที่ 14'!$B$8:$AC$104,27,FALSE),0) | AD83: =IFERROR(VLOOKUP(B83,'กะเช้าวันที่ 14'!$B$8:$AC$104,27,FALSE),0) | AE83: =IFERROR(VLOOKUP(B83,'กะดึกวันที่ 13'!$B$8:$AC$105,28,FALSE),0) | AG83: =IFERROR(VLOOKUP(B83,'วันที่ 12'!$B$8:$AH$105,28,FALSE),0) | AH83: =IFERROR(VLOOKUP(B83,'วันที่ 14'!$B$8:$AH$106,28,FALSE),0) | AI83: =IFERROR(VLOOKUP(B83,'วันที่ 15'!$B$8:$AH$106,28,FALSE),0) | AJ83: =IFERROR(VLOOKUP(B83,'วันที่ 16'!$B$8:$AH$105,28,FALSE),0) | AK83: =IFERROR(VLOOKUP(B83,'วันที่ 17'!$B$8:$AH$105,28,FALSE),0) | AL83: =IFERROR(VLOOKUP(B83,'วันที่ 18'!$B$8:$AH$104,28,FALSE),0) | AM83: =IFERROR(VLOOKUP(B83,'วันที่ 19'!$B$8:$AH$106,28,FALSE),0) | AN83: =IFERROR(VLOOKUP(B83,'วันที่ 20'!$B$8:$AH$105,28,FALSE),0) | AO83: =IFERROR(VLOOKUP(B83,'วันที่ 21'!$B$8:$AH$106,28,FALSE),0) | AP83: =IFERROR(VLOOKUP(B83,'วันที่ 22'!$B$8:$AH$105,28,FALSE),0) | AQ83: =IFERROR(VLOOKUP(B83,'วันที่ 23'!$B$8:$AH$107,28,FALSE),0) | AR83: =IFERROR(VLOOKUP(B83,'วันที่ 24'!$B$8:$AH$104,28,FALSE),0) | AS83: =IFERROR(VLOOKUP(B83,'วันที่ 25'!$B$8:$AH$106,28,FALSE),0) | AT83: =IFERROR(VLOOKUP(B83,'วันที่ 26'!$B$8:$AH$105,28,FALSE),0) | AU83: =IFERROR(VLOOKUP(B83,'วันที่ 26'!$B$8:$AH$104,28,FALSE),0) | AV83: =IFERROR(VLOOKUP(B83,'วันที่ 30'!$B$8:$AH$107,28,FALSE),0) | AW83: =IFERROR(VLOOKUP(B83,'วันที่ 31'!$B$8:$AG$105,28,FALSE),0) | AX83: =SUM(E83:AW83)
A84: 86 | B84: วาชินี เดชพรม | C84: =IFERROR(VLOOKUP(B84,Members!B:C,2,FALSE),0) | D84: =IFERROR(VLOOKUP(B84,Members!$B:$H,7,FALSE),0) | E84: =IFERROR(VLOOKUP(B84,'วันที่ 1'!$B$8:$AH$103,28,FALSE),0) - IFERROR(VLOOKUP(B84,'วันที่ 1'!$B$8:$AH$103,27,FALSE),0) | F84: =IFERROR(VLOOKUP(C84,'วันที่ 1'!$B$8:$AH$103,27,FALSE),0) | G84: =IFERROR(VLOOKUP(B84,'วันที่ 1'!$B$8:$AH$103,28,FALSE),0)-IFERROR(VLOOKUP(B84,'วันที่ 1'!$B$8:$AH$103,27,FALSE),0) | H84: =IFERROR(VLOOKUP(B84,'วันที่ 1'!$B$8:$AH$103,27,FALSE),0) | I84: =IFERROR(VLOOKUP(B84,'วันที่ 2'!$B$8:$AF$106,28,FALSE),0)-IFERROR(VLOOKUP(B84,'วันที่ 2'!$B$8:$AF$106,27,FALSE),0) | J84: =IFERROR(VLOOKUP(B84,'วันที่ 2'!$B$8:$AF$106,27,FALSE),0) | K84: =IFERROR(VLOOKUP(B84,'วันที่ 3 กะเช้า'!$B$8:$AK$106,28,FALSE),0)-IFERROR(VLOOKUP(B84,'วันที่ 3 กะเช้า'!$B$8:$AK$106,27,FALSE),0) | L84: =IFERROR(VLOOKUP(B84,'วันที่ 3 กะเช้า'!$B$8:$AK$106,27,FALSE),0) | M84: =IFERROR(VLOOKUP(B84,'วันที่ 4 กะเช้า'!$B$8:$AG$107,28,FALSE),0)-IFERROR(VLOOKUP(B84,'วันที่ 4 กะเช้า'!$B$8:$AG$107,27,FALSE),0) | N84: =IFERROR(VLOOKUP(B84,'วันที่ 4 กะเช้า'!$B$8:$AG$107,27,FALSE),0) | O84: =IFERROR(VLOOKUP(B84,'วันที่ 4 กะเช้า'!$B$8:$AH$106,28,FALSE),0)-IFERROR(VLOOKUP(B84,'วันที่ 4 กะเช้า'!$B$8:$AH$106,27,FALSE),0) | P84: =IFERROR(VLOOKUP(B84,'วันที่ 4 กะเช้า'!$B$8:$AH$106,27,FALSE),0) | Q84: =IFERROR(VLOOKUP(B84,'วันที่ 4 กะเช้า'!$B$8:$AH$106,28,FALSE),0)-IFERROR(VLOOKUP(B84,'วันที่ 4 กะเช้า'!$B$8:$AH$106,27,FALSE),0) | R84: =IFERROR(VLOOKUP(B84,'วันที่ 4 กะเช้า'!$B$8:$AH$106,27,FALSE),0) | S84: =IFERROR(VLOOKUP(B84,'วันที่ 5 กะเช้า'!$B$8:$AH$107,28,FALSE),0)-IFERROR(VLOOKUP(B84,'วันที่ 5 กะเช้า'!$B$8:$AH$107,27,FALSE),0) | T84: =IFERROR(VLOOKUP(B84,'วันที่ 5 กะเช้า'!$B$8:$AH$107,27,FALSE),0) | U84: =IFERROR(VLOOKUP(B84,'วันที่ 5 กะดึก'!$B$8:$AH$106,27,FALSE),0) | V84: =IFERROR(VLOOKUP(B84,'วันที่ 5 กะดึก'!$B$8:$AH$106,27,FALSE),0) | W84: =IFERROR(VLOOKUP(B84,'วันที่ 7'!$B$8:$AH$105,28,FALSE),0)-IFERROR(VLOOKUP(B84,'วันที่ 7'!$B$8:$AH$105,27,FALSE),0) | X84: =IFERROR(VLOOKUP(B84,'วันที่ 7'!$B$8:$AH$105,27,FALSE),0) | Y84: =IFERROR(VLOOKUP(B84,'วันที่ 8'!$B$8:$AH$109,28,FALSE),0)-IFERROR(VLOOKUP(B84,'วันที่ 8'!$B$8:$AH$109,27,FALSE),0) | Z84: =IFERROR(VLOOKUP(B84,'วันที่ 8'!$B$8:$AH$109,27,FALSE),0) | AA84: =IFERROR(VLOOKUP(B84,'กะเช้าวันที่ 12'!$B$8:$AC$102,28,FALSE),0)-IFERROR(VLOOKUP(B84,'กะเช้าวันที่ 12'!$B$8:$AC$102,27,FALSE),0) | AB84: =IFERROR(VLOOKUP(B84,'กะเช้าวันที่ 12'!$B$8:$AC$102,27,FALSE),0) | AC84: =IFERROR(VLOOKUP(B84,'กะเช้าวันที่ 14'!$B$8:$AC$104,28,FALSE),0)-IFERROR(VLOOKUP(B84,'กะเช้าวันที่ 14'!$B$8:$AC$104,27,FALSE),0) | AD84: =IFERROR(VLOOKUP(B84,'กะเช้าวันที่ 14'!$B$8:$AC$104,27,FALSE),0) | AE84: =IFERROR(VLOOKUP(B84,'กะดึกวันที่ 13'!$B$8:$AC$105,28,FALSE),0)-IFERROR(VLOOKUP(B84,'กะดึกวันที่ 13'!$B$8:$AC$105,27,FALSE),0) | AF84: =IFERROR(VLOOKUP(C84,'กะดึกวันที่ 13'!$B$8:$AC$105,27,FALSE),0) | AG84: =IFERROR(VLOOKUP(B84,'วันที่ 12'!$B$8:$AH$105,28,FALSE),0) | AH84: =IFERROR(VLOOKUP(B84,'วันที่ 14'!$B$8:$AH$106,28,FALSE),0) | AI84: =IFERROR(VLOOKUP(B84,'วันที่ 15'!$B$8:$AH$106,28,FALSE),0) | AJ84: =IFERROR(VLOOKUP(B84,'วันที่ 16'!$B$8:$AH$105,28,FALSE),0) | AK84: =IFERROR(VLOOKUP(B84,'วันที่ 17'!$B$8:$AH$105,28,FALSE),0) | AL84: =IFERROR(VLOOKUP(B84,'วันที่ 18'!$B$8:$AH$104,28,FALSE),0) | AM84: =IFERROR(VLOOKUP(B84,'วันที่ 19'!$B$8:$AH$106,28,FALSE),0) | AN84: =IFERROR(VLOOKUP(B84,'วันที่ 20'!$B$8:$AH$105,28,FALSE),0) | AO84: =IFERROR(VLOOKUP(B84,'วันที่ 21'!$B$8:$AH$106,28,FALSE),0) | AP84: =IFERROR(VLOOKUP(B84,'วันที่ 22'!$B$8:$AH$105,28,FALSE),0) | AQ84: =IFERROR(VLOOKUP(B84,'วันที่ 23'!$B$8:$AH$107,28,FALSE),0) | AR84: =IFERROR(VLOOKUP(B84,'วันที่ 24'!$B$8:$AH$104,28,FALSE),0) | AS84: =IFERROR(VLOOKUP(B84,'วันที่ 25'!$B$8:$AH$106,28,FALSE),0) | AT84: =IFERROR(VLOOKUP(B84,'วันที่ 26'!$B$8:$AH$105,28,FALSE),0) | AU84: =IFERROR(VLOOKUP(B84,'วันที่ 26'!$B$8:$AH$104,28,FALSE),0) | AV84: =IFERROR(VLOOKUP(B84,'วันที่ 30'!$B$8:$AH$107,28,FALSE),0) | AW84: =IFERROR(VLOOKUP(B84,'วันที่ 31'!$B$8:$AG$105,28,FALSE),0) | AX84: =SUM(E84:AW84)
A85: 87 | B85: วฤนดา สุดเอื้อม | C85: =IFERROR(VLOOKUP(B85,Members!B:C,2,FALSE),0) | D85: =IFERROR(VLOOKUP(B85,Members!$B:$H,7,FALSE),0) | E85: =IFERROR(VLOOKUP(B85,'วันที่ 1'!$B$8:$AH$103,28,FALSE),0) - IFERROR(VLOOKUP(B85,'วันที่ 1'!$B$8:$AH$103,27,FALSE),0) | F85: =IFERROR(VLOOKUP(C85,'วันที่ 1'!$B$8:$AH$103,27,FALSE),0) | G85: =IFERROR(VLOOKUP(B85,'วันที่ 1'!$B$8:$AH$103,28,FALSE),0)-IFERROR(VLOOKUP(B85,'วันที่ 1'!$B$8:$AH$103,27,FALSE),0) | H85: =IFERROR(VLOOKUP(B85,'วันที่ 1'!$B$8:$AH$103,27,FALSE),0) | I85: =IFERROR(VLOOKUP(B85,'วันที่ 2'!$B$8:$AF$106,28,FALSE),0)-IFERROR(VLOOKUP(B85,'วันที่ 2'!$B$8:$AF$106,27,FALSE),0) | J85: =IFERROR(VLOOKUP(B85,'วันที่ 2'!$B$8:$AF$106,27,FALSE),0) | K85: =IFERROR(VLOOKUP(B85,'วันที่ 3 กะเช้า'!$B$8:$AK$106,28,FALSE),0)-IFERROR(VLOOKUP(B85,'วันที่ 3 กะเช้า'!$B$8:$AK$106,27,FALSE),0) | L85: =IFERROR(VLOOKUP(B85,'วันที่ 3 กะเช้า'!$B$8:$AK$106,27,FALSE),0) | M85: =IFERROR(VLOOKUP(B85,'วันที่ 4 กะเช้า'!$B$8:$AG$107,28,FALSE),0)-IFERROR(VLOOKUP(B85,'วันที่ 4 กะเช้า'!$B$8:$AG$107,27,FALSE),0) | N85: =IFERROR(VLOOKUP(B85,'วันที่ 4 กะเช้า'!$B$8:$AG$107,27,FALSE),0) | O85: =IFERROR(VLOOKUP(B85,'วันที่ 4 กะเช้า'!$B$8:$AH$106,28,FALSE),0)-IFERROR(VLOOKUP(B85,'วันที่ 4 กะเช้า'!$B$8:$AH$106,27,FALSE),0) | P85: =IFERROR(VLOOKUP(B85,'วันที่ 4 กะเช้า'!$B$8:$AH$106,27,FALSE),0) | Q85: =IFERROR(VLOOKUP(B85,'วันที่ 4 กะเช้า'!$B$8:$AH$106,28,FALSE),0)-IFERROR(VLOOKUP(B85,'วันที่ 4 กะเช้า'!$B$8:$AH$106,27,FALSE),0) | R85: =IFERROR(VLOOKUP(B85,'วันที่ 4 กะเช้า'!$B$8:$AH$106,27,FALSE),0) | S85: =IFERROR(VLOOKUP(B85,'วันที่ 5 กะเช้า'!$B$8:$AH$107,28,FALSE),0)-IFERROR(VLOOKUP(B85,'วันที่ 5 กะเช้า'!$B$8:$AH$107,27,FALSE),0) | T85: =IFERROR(VLOOKUP(B85,'วันที่ 5 กะเช้า'!$B$8:$AH$107,27,FALSE),0) | U85: =IFERROR(VLOOKUP(B85,'วันที่ 5 กะดึก'!$B$8:$AH$106,27,FALSE),0) | V85: =IFERROR(VLOOKUP(B85,'วันที่ 5 กะดึก'!$B$8:$AH$106,27,FALSE),0) | W85: =IFERROR(VLOOKUP(B85,'วันที่ 7'!$B$8:$AH$105,28,FALSE),0)-IFERROR(VLOOKUP(B85,'วันที่ 7'!$B$8:$AH$105,27,FALSE),0) | X85: =IFERROR(VLOOKUP(B85,'วันที่ 7'!$B$8:$AH$105,27,FALSE),0) | Y85: =IFERROR(VLOOKUP(B85,'วันที่ 8'!$B$8:$AH$109,28,FALSE),0)-IFERROR(VLOOKUP(B85,'วันที่ 8'!$B$8:$AH$109,27,FALSE),0) | Z85: =IFERROR(VLOOKUP(B85,'วันที่ 8'!$B$8:$AH$109,27,FALSE),0) | AA85: =IFERROR(VLOOKUP(B85,'กะเช้าวันที่ 12'!$B$8:$AC$102,28,FALSE),0)-IFERROR(VLOOKUP(B85,'กะเช้าวันที่ 12'!$B$8:$AC$102,27,FALSE),0) | AB85: =IFERROR(VLOOKUP(B85,'กะเช้าวันที่ 12'!$B$8:$AC$102,27,FALSE),0) | AC85: =IFERROR(VLOOKUP(B85,'กะเช้าวันที่ 14'!$B$8:$AC$104,28,FALSE),0)-IFERROR(VLOOKUP(B85,'กะเช้าวันที่ 14'!$B$8:$AC$104,27,FALSE),0) | AD85: =IFERROR(VLOOKUP(B85,'กะเช้าวันที่ 14'!$B$8:$AC$104,27,FALSE),0) | AE85: =IFERROR(VLOOKUP(B85,'กะดึกวันที่ 13'!$B$8:$AC$105,28,FALSE),0)-IFERROR(VLOOKUP(B85,'กะดึกวันที่ 13'!$B$8:$AC$105,27,FALSE),0) | AF85: =IFERROR(VLOOKUP(C85,'กะดึกวันที่ 13'!$B$8:$AC$105,27,FALSE),0) | AG85: =IFERROR(VLOOKUP(B85,'วันที่ 12'!$B$8:$AH$105,28,FALSE),0) | AH85: =IFERROR(VLOOKUP(B85,'วันที่ 14'!$B$8:$AH$106,28,FALSE),0) | AI85: =IFERROR(VLOOKUP(B85,'วันที่ 15'!$B$8:$AH$106,28,FALSE),0) | AJ85: =IFERROR(VLOOKUP(B85,'วันที่ 16'!$B$8:$AH$105,28,FALSE),0) | AK85: =IFERROR(VLOOKUP(B85,'วันที่ 17'!$B$8:$AH$105,28,FALSE),0) | AL85: =IFERROR(VLOOKUP(B85,'วันที่ 18'!$B$8:$AH$104,28,FALSE),0) | AM85: =IFERROR(VLOOKUP(B85,'วันที่ 19'!$B$8:$AH$106,28,FALSE),0) | AN85: =IFERROR(VLOOKUP(B85,'วันที่ 20'!$B$8:$AH$105,28,FALSE),0) | AO85: =IFERROR(VLOOKUP(B85,'วันที่ 21'!$B$8:$AH$106,28,FALSE),0) | AP85: =IFERROR(VLOOKUP(B85,'วันที่ 22'!$B$8:$AH$105,28,FALSE),0) | AQ85: =IFERROR(VLOOKUP(B85,'วันที่ 23'!$B$8:$AH$107,28,FALSE),0) | AR85: =IFERROR(VLOOKUP(B85,'วันที่ 24'!$B$8:$AH$104,28,FALSE),0) | AS85: =IFERROR(VLOOKUP(B85,'วันที่ 25'!$B$8:$AH$106,28,FALSE),0) | AT85: =IFERROR(VLOOKUP(B85,'วันที่ 26'!$B$8:$AH$105,28,FALSE),0) | AU85: =IFERROR(VLOOKUP(B85,'วันที่ 26'!$B$8:$AH$104,28,FALSE),0) | AV85: =IFERROR(VLOOKUP(B85,'วันที่ 30'!$B$8:$AH$107,28,FALSE),0) | AW85: =IFERROR(VLOOKUP(B85,'วันที่ 31'!$B$8:$AG$105,28,FALSE),0) | AX85: =SUM(E85:AW85)
A86: 88 | B86: ซัยฟูลเลาะห์ ดือราซอ | C86: =IFERROR(VLOOKUP(B86,Members!B:C,2,FALSE),0) | D86: =IFERROR(VLOOKUP(B86,Members!$B:$H,7,FALSE),0) | E86: =IFERROR(VLOOKUP(B86,'วันที่ 1'!$B$8:$AH$103,28,FALSE),0) - IFERROR(VLOOKUP(B86,'วันที่ 1'!$B$8:$AH$103,27,FALSE),0) | F86: =IFERROR(VLOOKUP(C86,'วันที่ 1'!$B$8:$AH$103,27,FALSE),0) | G86: =IFERROR(VLOOKUP(B86,'วันที่ 1'!$B$8:$AH$103,28,FALSE),0)-IFERROR(VLOOKUP(B86,'วันที่ 1'!$B$8:$AH$103,27,FALSE),0) | H86: =IFERROR(VLOOKUP(B86,'วันที่ 1'!$B$8:$AH$103,27,FALSE),0) | I86: =IFERROR(VLOOKUP(B86,'วันที่ 2'!$B$8:$AF$106,28,FALSE),0)-IFERROR(VLOOKUP(B86,'วันที่ 2'!$B$8:$AF$106,27,FALSE),0) | J86: =IFERROR(VLOOKUP(B86,'วันที่ 2'!$B$8:$AF$106,27,FALSE),0) | K86: =IFERROR(VLOOKUP(B86,'วันที่ 3 กะเช้า'!$B$8:$AK$106,28,FALSE),0)-IFERROR(VLOOKUP(B86,'วันที่ 3 กะเช้า'!$B$8:$AK$106,27,FALSE),0) | L86: =IFERROR(VLOOKUP(B86,'วันที่ 3 กะเช้า'!$B$8:$AK$106,27,FALSE),0) | M86: =IFERROR(VLOOKUP(B86,'วันที่ 4 กะเช้า'!$B$8:$AG$107,28,FALSE),0)-IFERROR(VLOOKUP(B86,'วันที่ 4 กะเช้า'!$B$8:$AG$107,27,FALSE),0) | N86: =IFERROR(VLOOKUP(B86,'วันที่ 4 กะเช้า'!$B$8:$AG$107,27,FALSE),0) | O86: =IFERROR(VLOOKUP(B86,'วันที่ 4 กะเช้า'!$B$8:$AH$106,28,FALSE),0)-IFERROR(VLOOKUP(B86,'วันที่ 4 กะเช้า'!$B$8:$AH$106,27,FALSE),0) | P86: =IFERROR(VLOOKUP(B86,'วันที่ 4 กะเช้า'!$B$8:$AH$106,27,FALSE),0) | Q86: =IFERROR(VLOOKUP(B86,'วันที่ 4 กะเช้า'!$B$8:$AH$106,28,FALSE),0)-IFERROR(VLOOKUP(B86,'วันที่ 4 กะเช้า'!$B$8:$AH$106,27,FALSE),0) | R86: =IFERROR(VLOOKUP(B86,'วันที่ 4 กะเช้า'!$B$8:$AH$106,27,FALSE),0) | S86: =IFERROR(VLOOKUP(B86,'วันที่ 5 กะเช้า'!$B$8:$AH$107,28,FALSE),0)-IFERROR(VLOOKUP(B86,'วันที่ 5 กะเช้า'!$B$8:$AH$107,27,FALSE),0) | T86: =IFERROR(VLOOKUP(B86,'วันที่ 5 กะเช้า'!$B$8:$AH$107,27,FALSE),0) | U86: =IFERROR(VLOOKUP(B86,'วันที่ 5 กะดึก'!$B$8:$AH$106,27,FALSE),0) | V86: =IFERROR(VLOOKUP(B86,'วันที่ 5 กะดึก'!$B$8:$AH$106,27,FALSE),0) | W86: =IFERROR(VLOOKUP(B86,'วันที่ 7'!$B$8:$AH$105,28,FALSE),0)-IFERROR(VLOOKUP(B86,'วันที่ 7'!$B$8:$AH$105,27,FALSE),0) | X86: =IFERROR(VLOOKUP(B86,'วันที่ 7'!$B$8:$AH$105,27,FALSE),0) | Y86: =IFERROR(VLOOKUP(B86,'วันที่ 8'!$B$8:$AH$109,28,FALSE),0)-IFERROR(VLOOKUP(B86,'วันที่ 8'!$B$8:$AH$109,27,FALSE),0) | Z86: =IFERROR(VLOOKUP(B86,'วันที่ 8'!$B$8:$AH$109,27,FALSE),0) | AA86: =IFERROR(VLOOKUP(B86,'กะเช้าวันที่ 12'!$B$8:$AC$102,28,FALSE),0)-IFERROR(VLOOKUP(B86,'กะเช้าวันที่ 12'!$B$8:$AC$102,27,FALSE),0) | AB86: =IFERROR(VLOOKUP(B86,'กะเช้าวันที่ 12'!$B$8:$AC$102,27,FALSE),0) | AC86: =IFERROR(VLOOKUP(B86,'กะเช้าวันที่ 14'!$B$8:$AC$104,28,FALSE),0)-IFERROR(VLOOKUP(B86,'กะเช้าวันที่ 14'!$B$8:$AC$104,27,FALSE),0) | AD86: =IFERROR(VLOOKUP(B86,'กะเช้าวันที่ 14'!$B$8:$AC$104,27,FALSE),0) | AE86: =IFERROR(VLOOKUP(B86,'กะดึกวันที่ 13'!$B$8:$AC$105,28,FALSE),0)-IFERROR(VLOOKUP(B86,'กะดึกวันที่ 13'!$B$8:$AC$105,27,FALSE),0) | AF86: =IFERROR(VLOOKUP(C86,'กะดึกวันที่ 13'!$B$8:$AC$105,27,FALSE),0) | AG86: =IFERROR(VLOOKUP(B86,'วันที่ 12'!$B$8:$AH$105,28,FALSE),0) | AH86: =IFERROR(VLOOKUP(B86,'วันที่ 14'!$B$8:$AH$106,28,FALSE),0) | AI86: =IFERROR(VLOOKUP(B86,'วันที่ 15'!$B$8:$AH$106,28,FALSE),0) | AJ86: =IFERROR(VLOOKUP(B86,'วันที่ 16'!$B$8:$AH$105,28,FALSE),0) | AK86: =IFERROR(VLOOKUP(B86,'วันที่ 17'!$B$8:$AH$105,28,FALSE),0) | AL86: =IFERROR(VLOOKUP(B86,'วันที่ 18'!$B$8:$AH$104,28,FALSE),0) | AM86: =IFERROR(VLOOKUP(B86,'วันที่ 19'!$B$8:$AH$106,28,FALSE),0) | AN86: =IFERROR(VLOOKUP(B86,'วันที่ 20'!$B$8:$AH$105,28,FALSE),0) | AO86: =IFERROR(VLOOKUP(B86,'วันที่ 21'!$B$8:$AH$106,28,FALSE),0) | AP86: =IFERROR(VLOOKUP(B86,'วันที่ 22'!$B$8:$AH$105,28,FALSE),0) | AQ86: =IFERROR(VLOOKUP(B86,'วันที่ 23'!$B$8:$AH$107,28,FALSE),0) | AR86: =IFERROR(VLOOKUP(B86,'วันที่ 24'!$B$8:$AH$104,28,FALSE),0) | AS86: =IFERROR(VLOOKUP(B86,'วันที่ 25'!$B$8:$AH$106,28,FALSE),0) | AT86: =IFERROR(VLOOKUP(B86,'วันที่ 26'!$B$8:$AH$105,28,FALSE),0) | AU86: =IFERROR(VLOOKUP(B86,'วันที่ 26'!$B$8:$AH$104,28,FALSE),0) | AV86: =IFERROR(VLOOKUP(B86,'วันที่ 30'!$B$8:$AH$107,28,FALSE),0) | AW86: =IFERROR(VLOOKUP(B86,'วันที่ 31'!$B$8:$AG$105,28,FALSE),0) | AX86: =SUM(E86:AW86)
A87: 89 | B87: กิตินันท์ บุญญาเดชขจร | C87: =IFERROR(VLOOKUP(B87,Members!B:C,2,FALSE),0) | D87: =IFERROR(VLOOKUP(B87,Members!$B:$H,7,FALSE),0) | E87: =IFERROR(VLOOKUP(B87,'วันที่ 1'!$B$8:$AH$103,28,FALSE),0) - IFERROR(VLOOKUP(B87,'วันที่ 1'!$B$8:$AH$103,27,FALSE),0) | F87: =IFERROR(VLOOKUP(C87,'วันที่ 1'!$B$8:$AH$103,27,FALSE),0) | G87: =IFERROR(VLOOKUP(B87,'วันที่ 1'!$B$8:$AH$103,28,FALSE),0)-IFERROR(VLOOKUP(B87,'วันที่ 1'!$B$8:$AH$103,27,FALSE),0) | H87: =IFERROR(VLOOKUP(B87,'วันที่ 1'!$B$8:$AH$103,27,FALSE),0) | I87: =IFERROR(VLOOKUP(B87,'วันที่ 2'!$B$8:$AF$106,28,FALSE),0)-IFERROR(VLOOKUP(B87,'วันที่ 2'!$B$8:$AF$106,27,FALSE),0) | J87: =IFERROR(VLOOKUP(B87,'วันที่ 2'!$B$8:$AF$106,27,FALSE),0) | K87: =IFERROR(VLOOKUP(B87,'วันที่ 3 กะเช้า'!$B$8:$AK$106,28,FALSE),0)-IFERROR(VLOOKUP(B87,'วันที่ 3 กะเช้า'!$B$8:$AK$106,27,FALSE),0) | L87: =IFERROR(VLOOKUP(B87,'วันที่ 3 กะเช้า'!$B$8:$AK$106,27,FALSE),0) | M87: =IFERROR(VLOOKUP(B87,'วันที่ 4 กะเช้า'!$B$8:$AG$107,28,FALSE),0)-IFERROR(VLOOKUP(B87,'วันที่ 4 กะเช้า'!$B$8:$AG$107,27,FALSE),0) | N87: =IFERROR(VLOOKUP(B87,'วันที่ 4 กะเช้า'!$B$8:$AG$107,27,FALSE),0) | O87: =IFERROR(VLOOKUP(B87,'วันที่ 4 กะเช้า'!$B$8:$AH$106,28,FALSE),0)-IFERROR(VLOOKUP(B87,'วันที่ 4 กะเช้า'!$B$8:$AH$106,27,FALSE),0) | P87: =IFERROR(VLOOKUP(B87,'วันที่ 4 กะเช้า'!$B$8:$AH$106,27,FALSE),0) | Q87: =IFERROR(VLOOKUP(B87,'วันที่ 4 กะเช้า'!$B$8:$AH$106,28,FALSE),0)-IFERROR(VLOOKUP(B87,'วันที่ 4 กะเช้า'!$B$8:$AH$106,27,FALSE),0) | R87: =IFERROR(VLOOKUP(B87,'วันที่ 4 กะเช้า'!$B$8:$AH$106,27,FALSE),0) | S87: =IFERROR(VLOOKUP(B87,'วันที่ 5 กะเช้า'!$B$8:$AH$107,28,FALSE),0)-IFERROR(VLOOKUP(B87,'วันที่ 5 กะเช้า'!$B$8:$AH$107,27,FALSE),0) | T87: =IFERROR(VLOOKUP(B87,'วันที่ 5 กะเช้า'!$B$8:$AH$107,27,FALSE),0) | U87: =IFERROR(VLOOKUP(B87,'วันที่ 5 กะดึก'!$B$8:$AH$106,27,FALSE),0) | V87: =IFERROR(VLOOKUP(B87,'วันที่ 5 กะดึก'!$B$8:$AH$106,27,FALSE),0) | W87: =IFERROR(VLOOKUP(B87,'วันที่ 7'!$B$8:$AH$105,28,FALSE),0)-IFERROR(VLOOKUP(B87,'วันที่ 7'!$B$8:$AH$105,27,FALSE),0) | X87: =IFERROR(VLOOKUP(B87,'วันที่ 7'!$B$8:$AH$105,27,FALSE),0) | Y87: =IFERROR(VLOOKUP(B87,'วันที่ 8'!$B$8:$AH$109,28,FALSE),0)-IFERROR(VLOOKUP(B87,'วันที่ 8'!$B$8:$AH$109,27,FALSE),0) | Z87: =IFERROR(VLOOKUP(B87,'วันที่ 8'!$B$8:$AH$109,27,FALSE),0) | AA87: =IFERROR(VLOOKUP(B87,'กะเช้าวันที่ 12'!$B$8:$AC$102,28,FALSE),0)-IFERROR(VLOOKUP(B87,'กะเช้าวันที่ 12'!$B$8:$AC$102,27,FALSE),0) | AB87: =IFERROR(VLOOKUP(B87,'กะเช้าวันที่ 12'!$B$8:$AC$102,27,FALSE),0) | AC87: =IFERROR(VLOOKUP(B87,'กะเช้าวันที่ 14'!$B$8:$AC$104,28,FALSE),0)-IFERROR(VLOOKUP(B87,'กะเช้าวันที่ 14'!$B$8:$AC$104,27,FALSE),0) | AD87: =IFERROR(VLOOKUP(B87,'กะเช้าวันที่ 14'!$B$8:$AC$104,27,FALSE),0) | AE87: =IFERROR(VLOOKUP(B87,'กะดึกวันที่ 13'!$B$8:$AC$105,28,FALSE),0)-IFERROR(VLOOKUP(B87,'กะดึกวันที่ 13'!$B$8:$AC$105,27,FALSE),0) | AF87: =IFERROR(VLOOKUP(C87,'กะดึกวันที่ 13'!$B$8:$AC$105,27,FALSE),0) | AG87: =IFERROR(VLOOKUP(B87,'วันที่ 12'!$B$8:$AH$105,28,FALSE),0) | AH87: =IFERROR(VLOOKUP(B87,'วันที่ 14'!$B$8:$AH$106,28,FALSE),0) | AI87: =IFERROR(VLOOKUP(B87,'วันที่ 15'!$B$8:$AH$106,28,FALSE),0) | AJ87: =IFERROR(VLOOKUP(B87,'วันที่ 16'!$B$8:$AH$105,28,FALSE),0) | AK87: =IFERROR(VLOOKUP(B87,'วันที่ 17'!$B$8:$AH$105,28,FALSE),0) | AL87: =IFERROR(VLOOKUP(B87,'วันที่ 18'!$B$8:$AH$104,28,FALSE),0) | AM87: =IFERROR(VLOOKUP(B87,'วันที่ 19'!$B$8:$AH$106,28,FALSE),0) | AN87: =IFERROR(VLOOKUP(B87,'วันที่ 20'!$B$8:$AH$105,28,FALSE),0) | AO87: =IFERROR(VLOOKUP(B87,'วันที่ 21'!$B$8:$AH$106,28,FALSE),0) | AP87: =IFERROR(VLOOKUP(B87,'วันที่ 22'!$B$8:$AH$105,28,FALSE),0) | AQ87: =IFERROR(VLOOKUP(B87,'วันที่ 23'!$B$8:$AH$107,28,FALSE),0) | AR87: =IFERROR(VLOOKUP(B87,'วันที่ 24'!$B$8:$AH$104,28,FALSE),0) | AS87: =IFERROR(VLOOKUP(B87,'วันที่ 25'!$B$8:$AH$106,28,FALSE),0) | AT87: =IFERROR(VLOOKUP(B87,'วันที่ 26'!$B$8:$AH$105,28,FALSE),0) | AU87: =IFERROR(VLOOKUP(B87,'วันที่ 26'!$B$8:$AH$104,28,FALSE),0) | AV87: =IFERROR(VLOOKUP(B87,'วันที่ 30'!$B$8:$AH$107,28,FALSE),0) | AW87: =IFERROR(VLOOKUP(B87,'วันที่ 31'!$B$8:$AG$105,28,FALSE),0) | AX87: =SUM(E87:AW87)
A88: 90 | B88: พัชราภรณ์ บัวเพ็ชร | C88: =IFERROR(VLOOKUP(B88,Members!B:C,2,FALSE),0) | D88: =IFERROR(VLOOKUP(B88,Members!$B:$H,7,FALSE),0) | E88: =IFERROR(VLOOKUP(B88,'วันที่ 1'!$B$8:$AH$103,28,FALSE),0) - IFERROR(VLOOKUP(B88,'วันที่ 1'!$B$8:$AH$103,27,FALSE),0) | F88: =IFERROR(VLOOKUP(C88,'วันที่ 1'!$B$8:$AH$103,27,FALSE),0) | G88: =IFERROR(VLOOKUP(B88,'วันที่ 1'!$B$8:$AH$103,28,FALSE),0)-IFERROR(VLOOKUP(B88,'วันที่ 1'!$B$8:$AH$103,27,FALSE),0) | H88: =IFERROR(VLOOKUP(B88,'วันที่ 1'!$B$8:$AH$103,27,FALSE),0) | I88: =IFERROR(VLOOKUP(B88,'วันที่ 2'!$B$8:$AF$106,28,FALSE),0)-IFERROR(VLOOKUP(B88,'วันที่ 2'!$B$8:$AF$106,27,FALSE),0) | J88: =IFERROR(VLOOKUP(B88,'วันที่ 2'!$B$8:$AF$106,27,FALSE),0) | K88: =IFERROR(VLOOKUP(B88,'วันที่ 3 กะเช้า'!$B$8:$AK$106,28,FALSE),0)-IFERROR(VLOOKUP(B88,'วันที่ 3 กะเช้า'!$B$8:$AK$106,27,FALSE),0) | L88: =IFERROR(VLOOKUP(B88,'วันที่ 3 กะเช้า'!$B$8:$AK$106,27,FALSE),0) | M88: =IFERROR(VLOOKUP(B88,'วันที่ 4 กะเช้า'!$B$8:$AG$107,28,FALSE),0)-IFERROR(VLOOKUP(B88,'วันที่ 4 กะเช้า'!$B$8:$AG$107,27,FALSE),0) | N88: =IFERROR(VLOOKUP(B88,'วันที่ 4 กะเช้า'!$B$8:$AG$107,27,FALSE),0) | O88: =IFERROR(VLOOKUP(B88,'วันที่ 4 กะเช้า'!$B$8:$AH$106,28,FALSE),0)-IFERROR(VLOOKUP(B88,'วันที่ 4 กะเช้า'!$B$8:$AH$106,27,FALSE),0) | P88: =IFERROR(VLOOKUP(B88,'วันที่ 4 กะเช้า'!$B$8:$AH$106,27,FALSE),0) | Q88: =IFERROR(VLOOKUP(B88,'วันที่ 4 กะเช้า'!$B$8:$AH$106,28,FALSE),0)-IFERROR(VLOOKUP(B88,'วันที่ 4 กะเช้า'!$B$8:$AH$106,27,FALSE),0) | R88: =IFERROR(VLOOKUP(B88,'วันที่ 4 กะเช้า'!$B$8:$AH$106,27,FALSE),0) | S88: =IFERROR(VLOOKUP(B88,'วันที่ 5 กะเช้า'!$B$8:$AH$107,28,FALSE),0)-IFERROR(VLOOKUP(B88,'วันที่ 5 กะเช้า'!$B$8:$AH$107,27,FALSE),0) | T88: =IFERROR(VLOOKUP(B88,'วันที่ 5 กะเช้า'!$B$8:$AH$107,27,FALSE),0) | U88: =IFERROR(VLOOKUP(B88,'วันที่ 5 กะดึก'!$B$8:$AH$106,27,FALSE),0) | V88: =IFERROR(VLOOKUP(B88,'วันที่ 5 กะดึก'!$B$8:$AH$106,27,FALSE),0) | W88: =IFERROR(VLOOKUP(B88,'วันที่ 7'!$B$8:$AH$105,28,FALSE),0)-IFERROR(VLOOKUP(B88,'วันที่ 7'!$B$8:$AH$105,27,FALSE),0) | X88: =IFERROR(VLOOKUP(B88,'วันที่ 7'!$B$8:$AH$105,27,FALSE),0) | Y88: =IFERROR(VLOOKUP(B88,'วันที่ 8'!$B$8:$AH$109,28,FALSE),0)-IFERROR(VLOOKUP(B88,'วันที่ 8'!$B$8:$AH$109,27,FALSE),0) | Z88: =IFERROR(VLOOKUP(B88,'วันที่ 8'!$B$8:$AH$109,27,FALSE),0) | AA88: =IFERROR(VLOOKUP(B88,'กะเช้าวันที่ 12'!$B$8:$AC$102,28,FALSE),0)-IFERROR(VLOOKUP(B88,'กะเช้าวันที่ 12'!$B$8:$AC$102,27,FALSE),0) | AB88: =IFERROR(VLOOKUP(B88,'กะเช้าวันที่ 12'!$B$8:$AC$102,27,FALSE),0) | AC88: =IFERROR(VLOOKUP(B88,'กะเช้าวันที่ 14'!$B$8:$AC$104,28,FALSE),0)-IFERROR(VLOOKUP(B88,'กะเช้าวันที่ 14'!$B$8:$AC$104,27,FALSE),0) | AD88: =IFERROR(VLOOKUP(B88,'กะเช้าวันที่ 14'!$B$8:$AC$104,27,FALSE),0) | AE88: =IFERROR(VLOOKUP(B88,'กะดึกวันที่ 13'!$B$8:$AC$105,28,FALSE),0)-IFERROR(VLOOKUP(B88,'กะดึกวันที่ 13'!$B$8:$AC$105,27,FALSE),0) | AF88: =IFERROR(VLOOKUP(C88,'กะดึกวันที่ 13'!$B$8:$AC$105,27,FALSE),0) | AG88: =IFERROR(VLOOKUP(B88,'วันที่ 12'!$B$8:$AH$105,28,FALSE),0) | AH88: =IFERROR(VLOOKUP(B88,'วันที่ 14'!$B$8:$AH$106,28,FALSE),0) | AI88: =IFERROR(VLOOKUP(B88,'วันที่ 15'!$B$8:$AH$106,28,FALSE),0) | AJ88: =IFERROR(VLOOKUP(B88,'วันที่ 16'!$B$8:$AH$105,28,FALSE),0) | AK88: =IFERROR(VLOOKUP(B88,'วันที่ 17'!$B$8:$AH$105,28,FALSE),0) | AL88: =IFERROR(VLOOKUP(B88,'วันที่ 18'!$B$8:$AH$104,28,FALSE),0) | AM88: =IFERROR(VLOOKUP(B88,'วันที่ 19'!$B$8:$AH$106,28,FALSE),0) | AN88: =IFERROR(VLOOKUP(B88,'วันที่ 20'!$B$8:$AH$105,28,FALSE),0) | AO88: =IFERROR(VLOOKUP(B88,'วันที่ 21'!$B$8:$AH$106,28,FALSE),0) | AP88: =IFERROR(VLOOKUP(B88,'วันที่ 22'!$B$8:$AH$105,28,FALSE),0) | AQ88: =IFERROR(VLOOKUP(B88,'วันที่ 23'!$B$8:$AH$107,28,FALSE),0) | AR88: =IFERROR(VLOOKUP(B88,'วันที่ 24'!$B$8:$AH$104,28,FALSE),0) | AS88: =IFERROR(VLOOKUP(B88,'วันที่ 25'!$B$8:$AH$106,28,FALSE),0) | AT88: =IFERROR(VLOOKUP(B88,'วันที่ 26'!$B$8:$AH$105,28,FALSE),0) | AU88: =IFERROR(VLOOKUP(B88,'วันที่ 26'!$B$8:$AH$104,28,FALSE),0) | AV88: =IFERROR(VLOOKUP(B88,'วันที่ 30'!$B$8:$AH$107,28,FALSE),0) | AW88: =IFERROR(VLOOKUP(B88,'วันที่ 31'!$B$8:$AG$105,28,FALSE),0) | AX88: =SUM(E88:AW88)
A89: 91 | B89: ธีระเดช ไพลศรี | C89: =IFERROR(VLOOKUP(B89,Members!B:C,2,FALSE),0) | D89: =IFERROR(VLOOKUP(B89,Members!$B:$H,7,FALSE),0) | E89: =IFERROR(VLOOKUP(B89,'วันที่ 1'!$B$8:$AH$103,28,FALSE),0) - IFERROR(VLOOKUP(B89,'วันที่ 1'!$B$8:$AH$103,27,FALSE),0) | F89: =IFERROR(VLOOKUP(C89,'วันที่ 1'!$B$8:$AH$103,27,FALSE),0) | G89: =IFERROR(VLOOKUP(B89,'วันที่ 1'!$B$8:$AH$103,28,FALSE),0)-IFERROR(VLOOKUP(B89,'วันที่ 1'!$B$8:$AH$103,27,FALSE),0) | H89: =IFERROR(VLOOKUP(B89,'วันที่ 1'!$B$8:$AH$103,27,FALSE),0) | I89: =IFERROR(VLOOKUP(B89,'วันที่ 2'!$B$8:$AF$106,28,FALSE),0)-IFERROR(VLOOKUP(B89,'วันที่ 2'!$B$8:$AF$106,27,FALSE),0) | J89: =IFERROR(VLOOKUP(B89,'วันที่ 2'!$B$8:$AF$106,27,FALSE),0) | K89: =IFERROR(VLOOKUP(B89,'วันที่ 3 กะเช้า'!$B$8:$AK$106,28,FALSE),0)-IFERROR(VLOOKUP(B89,'วันที่ 3 กะเช้า'!$B$8:$AK$106,27,FALSE),0) | L89: =IFERROR(VLOOKUP(B89,'วันที่ 3 กะเช้า'!$B$8:$AK$106,27,FALSE),0) | M89: =IFERROR(VLOOKUP(B89,'วันที่ 4 กะเช้า'!$B$8:$AG$107,28,FALSE),0)-IFERROR(VLOOKUP(B89,'วันที่ 4 กะเช้า'!$B$8:$AG$107,27,FALSE),0) | N89: =IFERROR(VLOOKUP(B89,'วันที่ 4 กะเช้า'!$B$8:$AG$107,27,FALSE),0) | O89: =IFERROR(VLOOKUP(B89,'วันที่ 4 กะเช้า'!$B$8:$AH$106,28,FALSE),0)-IFERROR(VLOOKUP(B89,'วันที่ 4 กะเช้า'!$B$8:$AH$106,27,FALSE),0) | P89: =IFERROR(VLOOKUP(B89,'วันที่ 4 กะเช้า'!$B$8:$AH$106,27,FALSE),0) | Q89: =IFERROR(VLOOKUP(B89,'วันที่ 4 กะเช้า'!$B$8:$AH$106,28,FALSE),0)-IFERROR(VLOOKUP(B89,'วันที่ 4 กะเช้า'!$B$8:$AH$106,27,FALSE),0) | R89: =IFERROR(VLOOKUP(B89,'วันที่ 4 กะเช้า'!$B$8:$AH$106,27,FALSE),0) | S89: =IFERROR(VLOOKUP(B89,'วันที่ 5 กะเช้า'!$B$8:$AH$107,28,FALSE),0)-IFERROR(VLOOKUP(B89,'วันที่ 5 กะเช้า'!$B$8:$AH$107,27,FALSE),0) | T89: =IFERROR(VLOOKUP(B89,'วันที่ 5 กะเช้า'!$B$8:$AH$107,27,FALSE),0) | U89: =IFERROR(VLOOKUP(B89,'วันที่ 5 กะดึก'!$B$8:$AH$106,27,FALSE),0) | V89: =IFERROR(VLOOKUP(B89,'วันที่ 5 กะดึก'!$B$8:$AH$106,27,FALSE),0) | W89: =IFERROR(VLOOKUP(B89,'วันที่ 7'!$B$8:$AH$105,28,FALSE),0)-IFERROR(VLOOKUP(B89,'วันที่ 7'!$B$8:$AH$105,27,FALSE),0) | X89: =IFERROR(VLOOKUP(B89,'วันที่ 7'!$B$8:$AH$105,27,FALSE),0) | Y89: =IFERROR(VLOOKUP(B89,'วันที่ 8'!$B$8:$AH$109,28,FALSE),0)-IFERROR(VLOOKUP(B89,'วันที่ 8'!$B$8:$AH$109,27,FALSE),0) | Z89: =IFERROR(VLOOKUP(B89,'วันที่ 8'!$B$8:$AH$109,27,FALSE),0) | AA89: =IFERROR(VLOOKUP(B89,'กะเช้าวันที่ 12'!$B$8:$AC$102,28,FALSE),0)-IFERROR(VLOOKUP(B89,'กะเช้าวันที่ 12'!$B$8:$AC$102,27,FALSE),0) | AB89: =IFERROR(VLOOKUP(B89,'กะเช้าวันที่ 12'!$B$8:$AC$102,27,FALSE),0) | AC89: =IFERROR(VLOOKUP(B89,'กะเช้าวันที่ 14'!$B$8:$AC$104,28,FALSE),0)-IFERROR(VLOOKUP(B89,'กะเช้าวันที่ 14'!$B$8:$AC$104,27,FALSE),0) | AD89: =IFERROR(VLOOKUP(B89,'กะเช้าวันที่ 14'!$B$8:$AC$104,27,FALSE),0) | AE89: =IFERROR(VLOOKUP(B89,'กะดึกวันที่ 13'!$B$8:$AC$105,28,FALSE),0)-IFERROR(VLOOKUP(B89,'กะดึกวันที่ 13'!$B$8:$AC$105,27,FALSE),0) | AF89: =IFERROR(VLOOKUP(C89,'กะดึกวันที่ 13'!$B$8:$AC$105,27,FALSE),0) | AG89: =IFERROR(VLOOKUP(B89,'วันที่ 12'!$B$8:$AH$105,28,FALSE),0) | AH89: =IFERROR(VLOOKUP(B89,'วันที่ 14'!$B$8:$AH$106,28,FALSE),0) | AI89: =IFERROR(VLOOKUP(B89,'วันที่ 15'!$B$8:$AH$106,28,FALSE),0) | AJ89: =IFERROR(VLOOKUP(B89,'วันที่ 16'!$B$8:$AH$105,28,FALSE),0) | AK89: =IFERROR(VLOOKUP(B89,'วันที่ 17'!$B$8:$AH$105,28,FALSE),0) | AL89: =IFERROR(VLOOKUP(B89,'วันที่ 18'!$B$8:$AH$104,28,FALSE),0) | AM89: =IFERROR(VLOOKUP(B89,'วันที่ 19'!$B$8:$AH$106,28,FALSE),0) | AN89: =IFERROR(VLOOKUP(B89,'วันที่ 20'!$B$8:$AH$105,28,FALSE),0) | AO89: =IFERROR(VLOOKUP(B89,'วันที่ 21'!$B$8:$AH$106,28,FALSE),0) | AP89: =IFERROR(VLOOKUP(B89,'วันที่ 22'!$B$8:$AH$105,28,FALSE),0) | AQ89: =IFERROR(VLOOKUP(B89,'วันที่ 23'!$B$8:$AH$107,28,FALSE),0) | AR89: =IFERROR(VLOOKUP(B89,'วันที่ 24'!$B$8:$AH$104,28,FALSE),0) | AS89: =IFERROR(VLOOKUP(B89,'วันที่ 25'!$B$8:$AH$106,28,FALSE),0) | AT89: =IFERROR(VLOOKUP(B89,'วันที่ 26'!$B$8:$AH$105,28,FALSE),0) | AU89: =IFERROR(VLOOKUP(B89,'วันที่ 26'!$B$8:$AH$104,28,FALSE),0) | AV89: =IFERROR(VLOOKUP(B89,'วันที่ 30'!$B$8:$AH$107,28,FALSE),0) | AW89: =IFERROR(VLOOKUP(B89,'วันที่ 31'!$B$8:$AG$105,28,FALSE),0) | AX89: =SUM(E89:AW89)
A90: 92 | B90: อัคราณุวัฒน์ ศรีมกรบุคร | C90: =IFERROR(VLOOKUP(B90,Members!B:C,2,FALSE),0) | D90: =IFERROR(VLOOKUP(B90,Members!$B:$H,7,FALSE),0) | E90: =IFERROR(VLOOKUP(B90,'วันที่ 1'!$B$8:$AH$103,28,FALSE),0) - IFERROR(VLOOKUP(B90,'วันที่ 1'!$B$8:$AH$103,27,FALSE),0) | F90: =IFERROR(VLOOKUP(C90,'วันที่ 1'!$B$8:$AH$103,27,FALSE),0) | G90: =IFERROR(VLOOKUP(B90,'วันที่ 1'!$B$8:$AH$103,28,FALSE),0)-IFERROR(VLOOKUP(B90,'วันที่ 1'!$B$8:$AH$103,27,FALSE),0) | H90: =IFERROR(VLOOKUP(B90,'วันที่ 1'!$B$8:$AH$103,27,FALSE),0) | I90: =IFERROR(VLOOKUP(B90,'วันที่ 2'!$B$8:$AF$106,28,FALSE),0)-IFERROR(VLOOKUP(B90,'วันที่ 2'!$B$8:$AF$106,27,FALSE),0) | J90: =IFERROR(VLOOKUP(B90,'วันที่ 2'!$B$8:$AF$106,27,FALSE),0) | K90: =IFERROR(VLOOKUP(B90,'วันที่ 3 กะเช้า'!$B$8:$AK$106,28,FALSE),0)-IFERROR(VLOOKUP(B90,'วันที่ 3 กะเช้า'!$B$8:$AK$106,27,FALSE),0) | L90: =IFERROR(VLOOKUP(B90,'วันที่ 3 กะเช้า'!$B$8:$AK$106,27,FALSE),0) | M90: =IFERROR(VLOOKUP(B90,'วันที่ 4 กะเช้า'!$B$8:$AG$107,28,FALSE),0)-IFERROR(VLOOKUP(B90,'วันที่ 4 กะเช้า'!$B$8:$AG$107,27,FALSE),0) | N90: =IFERROR(VLOOKUP(B90,'วันที่ 4 กะเช้า'!$B$8:$AG$107,27,FALSE),0) | O90: =IFERROR(VLOOKUP(B90,'วันที่ 4 กะเช้า'!$B$8:$AH$106,28,FALSE),0)-IFERROR(VLOOKUP(B90,'วันที่ 4 กะเช้า'!$B$8:$AH$106,27,FALSE),0) | P90: =IFERROR(VLOOKUP(B90,'วันที่ 4 กะเช้า'!$B$8:$AH$106,27,FALSE),0) | Q90: =IFERROR(VLOOKUP(B90,'วันที่ 4 กะเช้า'!$B$8:$AH$106,28,FALSE),0)-IFERROR(VLOOKUP(B90,'วันที่ 4 กะเช้า'!$B$8:$AH$106,27,FALSE),0) | R90: =IFERROR(VLOOKUP(B90,'วันที่ 4 กะเช้า'!$B$8:$AH$106,27,FALSE),0) | S90: =IFERROR(VLOOKUP(B90,'วันที่ 5 กะเช้า'!$B$8:$AH$107,28,FALSE),0)-IFERROR(VLOOKUP(B90,'วันที่ 5 กะเช้า'!$B$8:$AH$107,27,FALSE),0) | T90: =IFERROR(VLOOKUP(B90,'วันที่ 5 กะเช้า'!$B$8:$AH$107,27,FALSE),0) | U90: =IFERROR(VLOOKUP(B90,'วันที่ 5 กะดึก'!$B$8:$AH$106,27,FALSE),0) | V90: =IFERROR(VLOOKUP(B90,'วันที่ 5 กะดึก'!$B$8:$AH$106,27,FALSE),0) | W90: =IFERROR(VLOOKUP(B90,'วันที่ 7'!$B$8:$AH$105,28,FALSE),0)-IFERROR(VLOOKUP(B90,'วันที่ 7'!$B$8:$AH$105,27,FALSE),0) | X90: =IFERROR(VLOOKUP(B90,'วันที่ 7'!$B$8:$AH$105,27,FALSE),0) | Y90: =IFERROR(VLOOKUP(B90,'วันที่ 8'!$B$8:$AH$109,28,FALSE),0)-IFERROR(VLOOKUP(B90,'วันที่ 8'!$B$8:$AH$109,27,FALSE),0) | Z90: =IFERROR(VLOOKUP(B90,'วันที่ 8'!$B$8:$AH$109,27,FALSE),0) | AA90: =IFERROR(VLOOKUP(B90,'กะเช้าวันที่ 12'!$B$8:$AC$102,28,FALSE),0)-IFERROR(VLOOKUP(B90,'กะเช้าวันที่ 12'!$B$8:$AC$102,27,FALSE),0) | AB90: =IFERROR(VLOOKUP(B90,'กะเช้าวันที่ 12'!$B$8:$AC$102,27,FALSE),0) | AC90: =IFERROR(VLOOKUP(B90,'กะเช้าวันที่ 14'!$B$8:$AC$104,28,FALSE),0)-IFERROR(VLOOKUP(B90,'กะเช้าวันที่ 14'!$B$8:$AC$104,27,FALSE),0) | AD90: =IFERROR(VLOOKUP(B90,'กะเช้าวันที่ 14'!$B$8:$AC$104,27,FALSE),0) | AE90: =IFERROR(VLOOKUP(B90,'กะดึกวันที่ 13'!$B$8:$AC$105,28,FALSE),0)-IFERROR(VLOOKUP(B90,'กะดึกวันที่ 13'!$B$8:$AC$105,27,FALSE),0) | AF90: =IFERROR(VLOOKUP(C90,'กะดึกวันที่ 13'!$B$8:$AC$105,27,FALSE),0) | AG90: =IFERROR(VLOOKUP(B90,'วันที่ 12'!$B$8:$AH$105,28,FALSE),0) | AH90: =IFERROR(VLOOKUP(B90,'วันที่ 14'!$B$8:$AH$106,28,FALSE),0) | AI90: =IFERROR(VLOOKUP(B90,'วันที่ 15'!$B$8:$AH$106,28,FALSE),0) | AJ90: =IFERROR(VLOOKUP(B90,'วันที่ 16'!$B$8:$AH$105,28,FALSE),0) | AK90: =IFERROR(VLOOKUP(B90,'วันที่ 17'!$B$8:$AH$105,28,FALSE),0) | AL90: =IFERROR(VLOOKUP(B90,'วันที่ 18'!$B$8:$AH$104,28,FALSE),0) | AM90: =IFERROR(VLOOKUP(B90,'วันที่ 19'!$B$8:$AH$106,28,FALSE),0) | AN90: =IFERROR(VLOOKUP(B90,'วันที่ 20'!$B$8:$AH$105,28,FALSE),0) | AO90: =IFERROR(VLOOKUP(B90,'วันที่ 21'!$B$8:$AH$106,28,FALSE),0) | AP90: =IFERROR(VLOOKUP(B90,'วันที่ 22'!$B$8:$AH$105,28,FALSE),0) | AQ90: =IFERROR(VLOOKUP(B90,'วันที่ 23'!$B$8:$AH$107,28,FALSE),0) | AR90: =IFERROR(VLOOKUP(B90,'วันที่ 24'!$B$8:$AH$104,28,FALSE),0) | AS90: =IFERROR(VLOOKUP(B90,'วันที่ 25'!$B$8:$AH$106,28,FALSE),0) | AT90: =IFERROR(VLOOKUP(B90,'วันที่ 26'!$B$8:$AH$105,28,FALSE),0) | AU90: =IFERROR(VLOOKUP(B90,'วันที่ 26'!$B$8:$AH$104,28,FALSE),0) | AV90: =IFERROR(VLOOKUP(B90,'วันที่ 30'!$B$8:$AH$107,28,FALSE),0) | AW90: =IFERROR(VLOOKUP(B90,'วันที่ 31'!$B$8:$AG$105,28,FALSE),0) | AX90: =SUM(E90:AW90)
A91: 93 | B91: ฉัตรมงคล มาลี | C91: =IFERROR(VLOOKUP(B91,Members!B:C,2,FALSE),0) | D91: =IFERROR(VLOOKUP(B91,Members!$B:$H,7,FALSE),0) | E91: =IFERROR(VLOOKUP(B91,'วันที่ 1'!$B$8:$AH$103,28,FALSE),0) - IFERROR(VLOOKUP(B91,'วันที่ 1'!$B$8:$AH$103,27,FALSE),0) | F91: =IFERROR(VLOOKUP(C91,'วันที่ 1'!$B$8:$AH$103,27,FALSE),0) | G91: =IFERROR(VLOOKUP(B91,'วันที่ 1'!$B$8:$AH$103,28,FALSE),0)-IFERROR(VLOOKUP(B91,'วันที่ 1'!$B$8:$AH$103,27,FALSE),0) | H91: =IFERROR(VLOOKUP(B91,'วันที่ 1'!$B$8:$AH$103,27,FALSE),0) | I91: =IFERROR(VLOOKUP(B91,'วันที่ 2'!$B$8:$AF$106,28,FALSE),0)-IFERROR(VLOOKUP(B91,'วันที่ 2'!$B$8:$AF$106,27,FALSE),0) | J91: =IFERROR(VLOOKUP(B91,'วันที่ 2'!$B$8:$AF$106,27,FALSE),0) | K91: =IFERROR(VLOOKUP(B91,'วันที่ 3 กะเช้า'!$B$8:$AK$106,28,FALSE),0)-IFERROR(VLOOKUP(B91,'วันที่ 3 กะเช้า'!$B$8:$AK$106,27,FALSE),0) | L91: =IFERROR(VLOOKUP(B91,'วันที่ 3 กะเช้า'!$B$8:$AK$106,27,FALSE),0) | M91: =IFERROR(VLOOKUP(B91,'วันที่ 4 กะเช้า'!$B$8:$AG$107,28,FALSE),0)-IFERROR(VLOOKUP(B91,'วันที่ 4 กะเช้า'!$B$8:$AG$107,27,FALSE),0) | N91: =IFERROR(VLOOKUP(B91,'วันที่ 4 กะเช้า'!$B$8:$AG$107,27,FALSE),0) | O91: =IFERROR(VLOOKUP(B91,'วันที่ 4 กะเช้า'!$B$8:$AH$106,28,FALSE),0)-IFERROR(VLOOKUP(B91,'วันที่ 4 กะเช้า'!$B$8:$AH$106,27,FALSE),0) | P91: =IFERROR(VLOOKUP(B91,'วันที่ 4 กะเช้า'!$B$8:$AH$106,27,FALSE),0) | Q91: =IFERROR(VLOOKUP(B91,'วันที่ 4 กะเช้า'!$B$8:$AH$106,28,FALSE),0)-IFERROR(VLOOKUP(B91,'วันที่ 4 กะเช้า'!$B$8:$AH$106,27,FALSE),0) | R91: =IFERROR(VLOOKUP(B91,'วันที่ 4 กะเช้า'!$B$8:$AH$106,27,FALSE),0) | S91: =IFERROR(VLOOKUP(B91,'วันที่ 5 กะเช้า'!$B$8:$AH$107,28,FALSE),0)-IFERROR(VLOOKUP(B91,'วันที่ 5 กะเช้า'!$B$8:$AH$107,27,FALSE),0) | T91: =IFERROR(VLOOKUP(B91,'วันที่ 5 กะเช้า'!$B$8:$AH$107,27,FALSE),0) | U91: =IFERROR(VLOOKUP(B91,'วันที่ 5 กะดึก'!$B$8:$AH$106,27,FALSE),0) | V91: =IFERROR(VLOOKUP(B91,'วันที่ 5 กะดึก'!$B$8:$AH$106,27,FALSE),0) | W91: =IFERROR(VLOOKUP(B91,'วันที่ 7'!$B$8:$AH$105,28,FALSE),0)-IFERROR(VLOOKUP(B91,'วันที่ 7'!$B$8:$AH$105,27,FALSE),0) | X91: =IFERROR(VLOOKUP(B91,'วันที่ 7'!$B$8:$AH$105,27,FALSE),0) | Y91: =IFERROR(VLOOKUP(B91,'วันที่ 8'!$B$8:$AH$109,28,FALSE),0)-IFERROR(VLOOKUP(B91,'วันที่ 8'!$B$8:$AH$109,27,FALSE),0) | Z91: =IFERROR(VLOOKUP(B91,'วันที่ 8'!$B$8:$AH$109,27,FALSE),0) | AA91: =IFERROR(VLOOKUP(B91,'กะเช้าวันที่ 12'!$B$8:$AC$102,28,FALSE),0)-IFERROR(VLOOKUP(B91,'กะเช้าวันที่ 12'!$B$8:$AC$102,27,FALSE),0) | AB91: =IFERROR(VLOOKUP(B91,'กะเช้าวันที่ 12'!$B$8:$AC$102,27,FALSE),0) | AC91: =IFERROR(VLOOKUP(B91,'กะเช้าวันที่ 14'!$B$8:$AC$104,28,FALSE),0)-IFERROR(VLOOKUP(B91,'กะเช้าวันที่ 14'!$B$8:$AC$104,27,FALSE),0) | AD91: =IFERROR(VLOOKUP(B91,'กะเช้าวันที่ 14'!$B$8:$AC$104,27,FALSE),0) | AE91: =IFERROR(VLOOKUP(B91,'กะดึกวันที่ 13'!$B$8:$AC$105,28,FALSE),0)-IFERROR(VLOOKUP(B91,'กะดึกวันที่ 13'!$B$8:$AC$105,27,FALSE),0) | AF91: =IFERROR(VLOOKUP(C91,'กะดึกวันที่ 13'!$B$8:$AC$105,27,FALSE),0) | AG91: =IFERROR(VLOOKUP(B91,'วันที่ 12'!$B$8:$AH$105,28,FALSE),0) | AH91: =IFERROR(VLOOKUP(B91,'วันที่ 14'!$B$8:$AH$106,28,FALSE),0) | AI91: =IFERROR(VLOOKUP(B91,'วันที่ 15'!$B$8:$AH$106,28,FALSE),0) | AJ91: =IFERROR(VLOOKUP(B91,'วันที่ 16'!$B$8:$AH$105,28,FALSE),0) | AK91: =IFERROR(VLOOKUP(B91,'วันที่ 17'!$B$8:$AH$105,28,FALSE),0) | AL91: =IFERROR(VLOOKUP(B91,'วันที่ 18'!$B$8:$AH$104,28,FALSE),0) | AM91: =IFERROR(VLOOKUP(B91,'วันที่ 19'!$B$8:$AH$106,28,FALSE),0) | AN91: =IFERROR(VLOOKUP(B91,'วันที่ 20'!$B$8:$AH$105,28,FALSE),0) | AO91: =IFERROR(VLOOKUP(B91,'วันที่ 21'!$B$8:$AH$106,28,FALSE),0) | AP91: =IFERROR(VLOOKUP(B91,'วันที่ 22'!$B$8:$AH$105,28,FALSE),0) | AQ91: =IFERROR(VLOOKUP(B91,'วันที่ 23'!$B$8:$AH$107,28,FALSE),0) | AR91: =IFERROR(VLOOKUP(B91,'วันที่ 24'!$B$8:$AH$104,28,FALSE),0) | AS91: =IFERROR(VLOOKUP(B91,'วันที่ 25'!$B$8:$AH$106,28,FALSE),0) | AT91: =IFERROR(VLOOKUP(B91,'วันที่ 26'!$B$8:$AH$105,28,FALSE),0) | AU91: =IFERROR(VLOOKUP(B91,'วันที่ 26'!$B$8:$AH$104,28,FALSE),0) | AV91: =IFERROR(VLOOKUP(B91,'วันที่ 30'!$B$8:$AH$107,28,FALSE),0) | AW91: =IFERROR(VLOOKUP(B91,'วันที่ 31'!$B$8:$AG$105,28,FALSE),0) | AX91: =SUM(E91:AW91)
A92: 94 | B92: พีรพล จำนงค์เวช | C92: =IFERROR(VLOOKUP(B92,Members!B:C,2,FALSE),0) | D92: =IFERROR(VLOOKUP(B92,Members!$B:$H,7,FALSE),0) | E92: =IFERROR(VLOOKUP(B92,'วันที่ 1'!$B$8:$AH$103,28,FALSE),0) - IFERROR(VLOOKUP(B92,'วันที่ 1'!$B$8:$AH$103,27,FALSE),0) | F92: =IFERROR(VLOOKUP(C92,'วันที่ 1'!$B$8:$AH$103,27,FALSE),0) | G92: =IFERROR(VLOOKUP(B92,'วันที่ 1'!$B$8:$AH$103,28,FALSE),0)-IFERROR(VLOOKUP(B92,'วันที่ 1'!$B$8:$AH$103,27,FALSE),0) | H92: =IFERROR(VLOOKUP(B92,'วันที่ 1'!$B$8:$AH$103,27,FALSE),0) | I92: =IFERROR(VLOOKUP(B92,'วันที่ 2'!$B$8:$AF$106,28,FALSE),0)-IFERROR(VLOOKUP(B92,'วันที่ 2'!$B$8:$AF$106,27,FALSE),0) | J92: =IFERROR(VLOOKUP(B92,'วันที่ 2'!$B$8:$AF$106,27,FALSE),0) | K92: =IFERROR(VLOOKUP(B92,'วันที่ 3 กะเช้า'!$B$8:$AK$106,28,FALSE),0)-IFERROR(VLOOKUP(B92,'วันที่ 3 กะเช้า'!$B$8:$AK$106,27,FALSE),0) | L92: =IFERROR(VLOOKUP(B92,'วันที่ 3 กะเช้า'!$B$8:$AK$106,27,FALSE),0) | M92: =IFERROR(VLOOKUP(B92,'วันที่ 4 กะเช้า'!$B$8:$AG$107,28,FALSE),0)-IFERROR(VLOOKUP(B92,'วันที่ 4 กะเช้า'!$B$8:$AG$107,27,FALSE),0) | N92: =IFERROR(VLOOKUP(B92,'วันที่ 4 กะเช้า'!$B$8:$AG$107,27,FALSE),0) | O92: =IFERROR(VLOOKUP(B92,'วันที่ 4 กะเช้า'!$B$8:$AH$106,28,FALSE),0)-IFERROR(VLOOKUP(B92,'วันที่ 4 กะเช้า'!$B$8:$AH$106,27,FALSE),0) | P92: =IFERROR(VLOOKUP(B92,'วันที่ 4 กะเช้า'!$B$8:$AH$106,27,FALSE),0) | Q92: =IFERROR(VLOOKUP(B92,'วันที่ 4 กะเช้า'!$B$8:$AH$106,28,FALSE),0)-IFERROR(VLOOKUP(B92,'วันที่ 4 กะเช้า'!$B$8:$AH$106,27,FALSE),0) | R92: =IFERROR(VLOOKUP(B92,'วันที่ 4 กะเช้า'!$B$8:$AH$106,27,FALSE),0) | S92: =IFERROR(VLOOKUP(B92,'วันที่ 5 กะเช้า'!$B$8:$AH$107,28,FALSE),0)-IFERROR(VLOOKUP(B92,'วันที่ 5 กะเช้า'!$B$8:$AH$107,27,FALSE),0) | T92: =IFERROR(VLOOKUP(B92,'วันที่ 5 กะเช้า'!$B$8:$AH$107,27,FALSE),0) | U92: =IFERROR(VLOOKUP(B92,'วันที่ 5 กะดึก'!$B$8:$AH$106,27,FALSE),0) | V92: =IFERROR(VLOOKUP(B92,'วันที่ 5 กะดึก'!$B$8:$AH$106,27,FALSE),0) | W92: =IFERROR(VLOOKUP(B92,'วันที่ 7'!$B$8:$AH$105,28,FALSE),0)-IFERROR(VLOOKUP(B92,'วันที่ 7'!$B$8:$AH$105,27,FALSE),0) | X92: =IFERROR(VLOOKUP(B92,'วันที่ 7'!$B$8:$AH$105,27,FALSE),0) | Y92: =IFERROR(VLOOKUP(B92,'วันที่ 8'!$B$8:$AH$109,28,FALSE),0)-IFERROR(VLOOKUP(B92,'วันที่ 8'!$B$8:$AH$109,27,FALSE),0) | Z92: =IFERROR(VLOOKUP(B92,'วันที่ 8'!$B$8:$AH$109,27,FALSE),0) | AA92: =IFERROR(VLOOKUP(B92,'กะเช้าวันที่ 12'!$B$8:$AC$102,28,FALSE),0)-IFERROR(VLOOKUP(B92,'กะเช้าวันที่ 12'!$B$8:$AC$102,27,FALSE),0) | AB92: =IFERROR(VLOOKUP(B92,'กะเช้าวันที่ 12'!$B$8:$AC$102,27,FALSE),0) | AC92: =IFERROR(VLOOKUP(B92,'กะเช้าวันที่ 14'!$B$8:$AC$104,28,FALSE),0)-IFERROR(VLOOKUP(B92,'กะเช้าวันที่ 14'!$B$8:$AC$104,27,FALSE),0) | AD92: =IFERROR(VLOOKUP(B92,'กะเช้าวันที่ 14'!$B$8:$AC$104,27,FALSE),0) | AE92: =IFERROR(VLOOKUP(B92,'กะดึกวันที่ 13'!$B$8:$AC$105,28,FALSE),0)-IFERROR(VLOOKUP(B92,'กะดึกวันที่ 13'!$B$8:$AC$105,27,FALSE),0) | AF92: =IFERROR(VLOOKUP(C92,'กะดึกวันที่ 13'!$B$8:$AC$105,27,FALSE),0) | AG92: =IFERROR(VLOOKUP(B92,'วันที่ 12'!$B$8:$AH$105,28,FALSE),0) | AH92: =IFERROR(VLOOKUP(B92,'วันที่ 14'!$B$8:$AH$106,28,FALSE),0) | AI92: =IFERROR(VLOOKUP(B92,'วันที่ 15'!$B$8:$AH$106,28,FALSE),0) | AJ92: =IFERROR(VLOOKUP(B92,'วันที่ 16'!$B$8:$AH$105,28,FALSE),0) | AK92: =IFERROR(VLOOKUP(B92,'วันที่ 17'!$B$8:$AH$105,28,FALSE),0) | AL92: =IFERROR(VLOOKUP(B92,'วันที่ 18'!$B$8:$AH$104,28,FALSE),0) | AM92: =IFERROR(VLOOKUP(B92,'วันที่ 19'!$B$8:$AH$106,28,FALSE),0) | AN92: =IFERROR(VLOOKUP(B92,'วันที่ 20'!$B$8:$AH$105,28,FALSE),0) | AO92: =IFERROR(VLOOKUP(B92,'วันที่ 21'!$B$8:$AH$106,28,FALSE),0) | AP92: =IFERROR(VLOOKUP(B92,'วันที่ 22'!$B$8:$AH$105,28,FALSE),0) | AQ92: =IFERROR(VLOOKUP(B92,'วันที่ 23'!$B$8:$AH$107,28,FALSE),0) | AR92: =IFERROR(VLOOKUP(B92,'วันที่ 24'!$B$8:$AH$104,28,FALSE),0) | AS92: =IFERROR(VLOOKUP(B92,'วันที่ 25'!$B$8:$AH$106,28,FALSE),0) | AT92: =IFERROR(VLOOKUP(B92,'วันที่ 26'!$B$8:$AH$105,28,FALSE),0) | AU92: =IFERROR(VLOOKUP(B92,'วันที่ 26'!$B$8:$AH$104,28,FALSE),0) | AV92: =IFERROR(VLOOKUP(B92,'วันที่ 30'!$B$8:$AH$107,28,FALSE),0) | AW92: =IFERROR(VLOOKUP(B92,'วันที่ 31'!$B$8:$AG$105,28,FALSE),0) | AX92: =SUM(E92:AW92)
A93: 95 | B93: อัซรี จารง | C93: =IFERROR(VLOOKUP(B93,Members!B:C,2,FALSE),0) | D93: =IFERROR(VLOOKUP(B93,Members!$B:$H,7,FALSE),0) | E93: =IFERROR(VLOOKUP(B93,'วันที่ 1'!$B$8:$AH$103,28,FALSE),0) - IFERROR(VLOOKUP(B93,'วันที่ 1'!$B$8:$AH$103,27,FALSE),0) | F93: =IFERROR(VLOOKUP(C93,'วันที่ 1'!$B$8:$AH$103,27,FALSE),0) | G93: =IFERROR(VLOOKUP(B93,'วันที่ 1'!$B$8:$AH$103,28,FALSE),0)-IFERROR(VLOOKUP(B93,'วันที่ 1'!$B$8:$AH$103,27,FALSE),0) | H93: =IFERROR(VLOOKUP(B93,'วันที่ 1'!$B$8:$AH$103,27,FALSE),0) | I93: =IFERROR(VLOOKUP(B93,'วันที่ 2'!$B$8:$AF$106,28,FALSE),0)-IFERROR(VLOOKUP(B93,'วันที่ 2'!$B$8:$AF$106,27,FALSE),0) | J93: =IFERROR(VLOOKUP(B93,'วันที่ 2'!$B$8:$AF$106,27,FALSE),0) | K93: =IFERROR(VLOOKUP(B93,'วันที่ 3 กะเช้า'!$B$8:$AK$106,28,FALSE),0)-IFERROR(VLOOKUP(B93,'วันที่ 3 กะเช้า'!$B$8:$AK$106,27,FALSE),0) | L93: =IFERROR(VLOOKUP(B93,'วันที่ 3 กะเช้า'!$B$8:$AK$106,27,FALSE),0) | M93: =IFERROR(VLOOKUP(B93,'วันที่ 4 กะเช้า'!$B$8:$AG$107,28,FALSE),0)-IFERROR(VLOOKUP(B93,'วันที่ 4 กะเช้า'!$B$8:$AG$107,27,FALSE),0) | N93: =IFERROR(VLOOKUP(B93,'วันที่ 4 กะเช้า'!$B$8:$AG$107,27,FALSE),0) | O93: =IFERROR(VLOOKUP(B93,'วันที่ 4 กะเช้า'!$B$8:$AH$106,28,FALSE),0)-IFERROR(VLOOKUP(B93,'วันที่ 4 กะเช้า'!$B$8:$AH$106,27,FALSE),0) | P93: =IFERROR(VLOOKUP(B93,'วันที่ 4 กะเช้า'!$B$8:$AH$106,27,FALSE),0) | Q93: =IFERROR(VLOOKUP(B93,'วันที่ 4 กะเช้า'!$B$8:$AH$106,28,FALSE),0)-IFERROR(VLOOKUP(B93,'วันที่ 4 กะเช้า'!$B$8:$AH$106,27,FALSE),0) | R93: =IFERROR(VLOOKUP(B93,'วันที่ 4 กะเช้า'!$B$8:$AH$106,27,FALSE),0) | S93: =IFERROR(VLOOKUP(B93,'วันที่ 5 กะเช้า'!$B$8:$AH$107,28,FALSE),0)-IFERROR(VLOOKUP(B93,'วันที่ 5 กะเช้า'!$B$8:$AH$107,27,FALSE),0) | T93: =IFERROR(VLOOKUP(B93,'วันที่ 5 กะเช้า'!$B$8:$AH$107,27,FALSE),0) | U93: =IFERROR(VLOOKUP(B93,'วันที่ 5 กะดึก'!$B$8:$AH$106,27,FALSE),0) | V93: =IFERROR(VLOOKUP(B93,'วันที่ 5 กะดึก'!$B$8:$AH$106,27,FALSE),0) | W93: =IFERROR(VLOOKUP(B93,'วันที่ 7'!$B$8:$AH$105,28,FALSE),0)-IFERROR(VLOOKUP(B93,'วันที่ 7'!$B$8:$AH$105,27,FALSE),0) | X93: =IFERROR(VLOOKUP(B93,'วันที่ 7'!$B$8:$AH$105,27,FALSE),0) | Y93: =IFERROR(VLOOKUP(B93,'วันที่ 8'!$B$8:$AH$109,28,FALSE),0)-IFERROR(VLOOKUP(B93,'วันที่ 8'!$B$8:$AH$109,27,FALSE),0) | Z93: =IFERROR(VLOOKUP(B93,'วันที่ 8'!$B$8:$AH$109,27,FALSE),0) | AA93: =IFERROR(VLOOKUP(B93,'กะเช้าวันที่ 12'!$B$8:$AC$102,28,FALSE),0)-IFERROR(VLOOKUP(B93,'กะเช้าวันที่ 12'!$B$8:$AC$102,27,FALSE),0) | AB93: =IFERROR(VLOOKUP(B93,'กะเช้าวันที่ 12'!$B$8:$AC$102,27,FALSE),0) | AC93: =IFERROR(VLOOKUP(B93,'กะเช้าวันที่ 14'!$B$8:$AC$104,28,FALSE),0)-IFERROR(VLOOKUP(B93,'กะเช้าวันที่ 14'!$B$8:$AC$104,27,FALSE),0) | AD93: =IFERROR(VLOOKUP(B93,'กะเช้าวันที่ 14'!$B$8:$AC$104,27,FALSE),0) | AE93: =IFERROR(VLOOKUP(B93,'กะดึกวันที่ 13'!$B$8:$AC$105,28,FALSE),0)-IFERROR(VLOOKUP(B93,'กะดึกวันที่ 13'!$B$8:$AC$105,27,FALSE),0) | AF93: =IFERROR(VLOOKUP(C93,'กะดึกวันที่ 13'!$B$8:$AC$105,27,FALSE),0) | AG93: =IFERROR(VLOOKUP(B93,'วันที่ 12'!$B$8:$AH$105,28,FALSE),0) | AH93: =IFERROR(VLOOKUP(B93,'วันที่ 14'!$B$8:$AH$106,28,FALSE),0) | AI93: =IFERROR(VLOOKUP(B93,'วันที่ 15'!$B$8:$AH$106,28,FALSE),0) | AJ93: =IFERROR(VLOOKUP(B93,'วันที่ 16'!$B$8:$AH$105,28,FALSE),0) | AK93: =IFERROR(VLOOKUP(B93,'วันที่ 17'!$B$8:$AH$105,28,FALSE),0) | AL93: =IFERROR(VLOOKUP(B93,'วันที่ 18'!$B$8:$AH$104,28,FALSE),0) | AM93: =IFERROR(VLOOKUP(B93,'วันที่ 19'!$B$8:$AH$106,28,FALSE),0) | AN93: =IFERROR(VLOOKUP(B93,'วันที่ 20'!$B$8:$AH$105,28,FALSE),0) | AO93: =IFERROR(VLOOKUP(B93,'วันที่ 21'!$B$8:$AH$106,28,FALSE),0) | AP93: =IFERROR(VLOOKUP(B93,'วันที่ 22'!$B$8:$AH$105,28,FALSE),0) | AQ93: =IFERROR(VLOOKUP(B93,'วันที่ 23'!$B$8:$AH$107,28,FALSE),0) | AR93: =IFERROR(VLOOKUP(B93,'วันที่ 24'!$B$8:$AH$104,28,FALSE),0) | AS93: =IFERROR(VLOOKUP(B93,'วันที่ 25'!$B$8:$AH$106,28,FALSE),0) | AT93: =IFERROR(VLOOKUP(B93,'วันที่ 26'!$B$8:$AH$105,28,FALSE),0) | AU93: =IFERROR(VLOOKUP(B93,'วันที่ 26'!$B$8:$AH$104,28,FALSE),0) | AV93: =IFERROR(VLOOKUP(B93,'วันที่ 30'!$B$8:$AH$107,28,FALSE),0) | AW93: =IFERROR(VLOOKUP(B93,'วันที่ 31'!$B$8:$AG$105,28,FALSE),0) | AX93: =SUM(E93:AW93)
A94: 96 | B94: ผการัตน์ ภูผิวเงิน | C94: =IFERROR(VLOOKUP(B94,Members!B:C,2,FALSE),0) | D94: =IFERROR(VLOOKUP(B94,Members!$B:$H,7,FALSE),0) | E94: =IFERROR(VLOOKUP(B94,'วันที่ 1'!$B$8:$AH$103,28,FALSE),0) - IFERROR(VLOOKUP(B94,'วันที่ 1'!$B$8:$AH$103,27,FALSE),0) | F94: =IFERROR(VLOOKUP(C94,'วันที่ 1'!$B$8:$AH$103,27,FALSE),0) | G94: =IFERROR(VLOOKUP(B94,'วันที่ 1'!$B$8:$AH$103,28,FALSE),0)-IFERROR(VLOOKUP(B94,'วันที่ 1'!$B$8:$AH$103,27,FALSE),0) | H94: =IFERROR(VLOOKUP(B94,'วันที่ 1'!$B$8:$AH$103,27,FALSE),0) | I94: =IFERROR(VLOOKUP(B94,'วันที่ 2'!$B$8:$AF$106,28,FALSE),0)-IFERROR(VLOOKUP(B94,'วันที่ 2'!$B$8:$AF$106,27,FALSE),0) | J94: =IFERROR(VLOOKUP(B94,'วันที่ 2'!$B$8:$AF$106,27,FALSE),0) | K94: =IFERROR(VLOOKUP(B94,'วันที่ 3 กะเช้า'!$B$8:$AK$106,28,FALSE),0)-IFERROR(VLOOKUP(B94,'วันที่ 3 กะเช้า'!$B$8:$AK$106,27,FALSE),0) | L94: =IFERROR(VLOOKUP(B94,'วันที่ 3 กะเช้า'!$B$8:$AK$106,27,FALSE),0) | M94: =IFERROR(VLOOKUP(B94,'วันที่ 4 กะเช้า'!$B$8:$AG$107,28,FALSE),0)-IFERROR(VLOOKUP(B94,'วันที่ 4 กะเช้า'!$B$8:$AG$107,27,FALSE),0) | N94: =IFERROR(VLOOKUP(B94,'วันที่ 4 กะเช้า'!$B$8:$AG$107,27,FALSE),0) | O94: =IFERROR(VLOOKUP(B94,'วันที่ 4 กะเช้า'!$B$8:$AH$106,28,FALSE),0)-IFERROR(VLOOKUP(B94,'วันที่ 4 กะเช้า'!$B$8:$AH$106,27,FALSE),0) | P94: =IFERROR(VLOOKUP(B94,'วันที่ 4 กะเช้า'!$B$8:$AH$106,27,FALSE),0) | Q94: =IFERROR(VLOOKUP(B94,'วันที่ 4 กะเช้า'!$B$8:$AH$106,28,FALSE),0)-IFERROR(VLOOKUP(B94,'วันที่ 4 กะเช้า'!$B$8:$AH$106,27,FALSE),0) | R94: =IFERROR(VLOOKUP(B94,'วันที่ 4 กะเช้า'!$B$8:$AH$106,27,FALSE),0) | S94: =IFERROR(VLOOKUP(B94,'วันที่ 5 กะเช้า'!$B$8:$AH$107,28,FALSE),0)-IFERROR(VLOOKUP(B94,'วันที่ 5 กะเช้า'!$B$8:$AH$107,27,FALSE),0) | T94: =IFERROR(VLOOKUP(B94,'วันที่ 5 กะเช้า'!$B$8:$AH$107,27,FALSE),0) | U94: =IFERROR(VLOOKUP(B94,'วันที่ 5 กะดึก'!$B$8:$AH$106,27,FALSE),0) | V94: =IFERROR(VLOOKUP(B94,'วันที่ 5 กะดึก'!$B$8:$AH$106,27,FALSE),0) | W94: =IFERROR(VLOOKUP(B94,'วันที่ 7'!$B$8:$AH$105,28,FALSE),0)-IFERROR(VLOOKUP(B94,'วันที่ 7'!$B$8:$AH$105,27,FALSE),0) | X94: =IFERROR(VLOOKUP(B94,'วันที่ 7'!$B$8:$AH$105,27,FALSE),0) | Y94: =IFERROR(VLOOKUP(B94,'วันที่ 8'!$B$8:$AH$109,28,FALSE),0)-IFERROR(VLOOKUP(B94,'วันที่ 8'!$B$8:$AH$109,27,FALSE),0) | Z94: =IFERROR(VLOOKUP(B94,'วันที่ 8'!$B$8:$AH$109,27,FALSE),0) | AA94: =IFERROR(VLOOKUP(B94,'กะเช้าวันที่ 12'!$B$8:$AC$102,28,FALSE),0)-IFERROR(VLOOKUP(B94,'กะเช้าวันที่ 12'!$B$8:$AC$102,27,FALSE),0) | AB94: =IFERROR(VLOOKUP(B94,'กะเช้าวันที่ 12'!$B$8:$AC$102,27,FALSE),0) | AC94: =IFERROR(VLOOKUP(B94,'กะเช้าวันที่ 14'!$B$8:$AC$104,28,FALSE),0)-IFERROR(VLOOKUP(B94,'กะเช้าวันที่ 14'!$B$8:$AC$104,27,FALSE),0) | AD94: =IFERROR(VLOOKUP(B94,'กะเช้าวันที่ 14'!$B$8:$AC$104,27,FALSE),0) | AE94: =IFERROR(VLOOKUP(B94,'กะดึกวันที่ 13'!$B$8:$AC$105,28,FALSE),0)-IFERROR(VLOOKUP(B94,'กะดึกวันที่ 13'!$B$8:$AC$105,27,FALSE),0) | AF94: =IFERROR(VLOOKUP(C94,'กะดึกวันที่ 13'!$B$8:$AC$105,27,FALSE),0) | AG94: =IFERROR(VLOOKUP(B94,'วันที่ 12'!$B$8:$AH$105,28,FALSE),0) | AH94: =IFERROR(VLOOKUP(B94,'วันที่ 14'!$B$8:$AH$106,28,FALSE),0) | AI94: =IFERROR(VLOOKUP(B94,'วันที่ 15'!$B$8:$AH$106,28,FALSE),0) | AJ94: =IFERROR(VLOOKUP(B94,'วันที่ 16'!$B$8:$AH$105,28,FALSE),0) | AK94: =IFERROR(VLOOKUP(B94,'วันที่ 17'!$B$8:$AH$105,28,FALSE),0) | AL94: =IFERROR(VLOOKUP(B94,'วันที่ 18'!$B$8:$AH$104,28,FALSE),0) | AM94: =IFERROR(VLOOKUP(B94,'วันที่ 19'!$B$8:$AH$106,28,FALSE),0) | AN94: =IFERROR(VLOOKUP(B94,'วันที่ 20'!$B$8:$AH$105,28,FALSE),0) | AO94: =IFERROR(VLOOKUP(B94,'วันที่ 21'!$B$8:$AH$106,28,FALSE),0) | AP94: =IFERROR(VLOOKUP(B94,'วันที่ 22'!$B$8:$AH$105,28,FALSE),0) | AQ94: =IFERROR(VLOOKUP(B94,'วันที่ 23'!$B$8:$AH$107,28,FALSE),0) | AR94: =IFERROR(VLOOKUP(B94,'วันที่ 24'!$B$8:$AH$104,28,FALSE),0) | AS94: =IFERROR(VLOOKUP(B94,'วันที่ 25'!$B$8:$AH$106,28,FALSE),0) | AT94: =IFERROR(VLOOKUP(B94,'วันที่ 26'!$B$8:$AH$105,28,FALSE),0) | AU94: =IFERROR(VLOOKUP(B94,'วันที่ 26'!$B$8:$AH$104,28,FALSE),0) | AV94: =IFERROR(VLOOKUP(B94,'วันที่ 30'!$B$8:$AH$107,28,FALSE),0) | AW94: =IFERROR(VLOOKUP(B94,'วันที่ 31'!$B$8:$AG$105,28,FALSE),0) | AX94: =SUM(E94:AW94)
A95: 97 | B95: วิยะดา หว่างเชนทร์ | C95: =IFERROR(VLOOKUP(B95,Members!B:C,2,FALSE),0) | D95: =IFERROR(VLOOKUP(B95,Members!$B:$H,7,FALSE),0) | E95: =IFERROR(VLOOKUP(B95,'วันที่ 1'!$B$8:$AH$103,28,FALSE),0) - IFERROR(VLOOKUP(B95,'วันที่ 1'!$B$8:$AH$103,27,FALSE),0) | F95: =IFERROR(VLOOKUP(C95,'วันที่ 1'!$B$8:$AH$103,27,FALSE),0) | G95: =IFERROR(VLOOKUP(B95,'วันที่ 1'!$B$8:$AH$103,28,FALSE),0)-IFERROR(VLOOKUP(B95,'วันที่ 1'!$B$8:$AH$103,27,FALSE),0) | H95: =IFERROR(VLOOKUP(B95,'วันที่ 1'!$B$8:$AH$103,27,FALSE),0) | I95: =IFERROR(VLOOKUP(B95,'วันที่ 2'!$B$8:$AF$106,28,FALSE),0)-IFERROR(VLOOKUP(B95,'วันที่ 2'!$B$8:$AF$106,27,FALSE),0) | J95: =IFERROR(VLOOKUP(B95,'วันที่ 2'!$B$8:$AF$106,27,FALSE),0) | K95: =IFERROR(VLOOKUP(B95,'วันที่ 3 กะเช้า'!$B$8:$AK$106,28,FALSE),0)-IFERROR(VLOOKUP(B95,'วันที่ 3 กะเช้า'!$B$8:$AK$106,27,FALSE),0) | L95: =IFERROR(VLOOKUP(B95,'วันที่ 3 กะเช้า'!$B$8:$AK$106,27,FALSE),0) | M95: =IFERROR(VLOOKUP(B95,'วันที่ 4 กะเช้า'!$B$8:$AG$107,28,FALSE),0)-IFERROR(VLOOKUP(B95,'วันที่ 4 กะเช้า'!$B$8:$AG$107,27,FALSE),0) | N95: =IFERROR(VLOOKUP(B95,'วันที่ 4 กะเช้า'!$B$8:$AG$107,27,FALSE),0) | O95: =IFERROR(VLOOKUP(B95,'วันที่ 4 กะเช้า'!$B$8:$AH$106,28,FALSE),0)-IFERROR(VLOOKUP(B95,'วันที่ 4 กะเช้า'!$B$8:$AH$106,27,FALSE),0) | P95: =IFERROR(VLOOKUP(B95,'วันที่ 4 กะเช้า'!$B$8:$AH$106,27,FALSE),0) | Q95: =IFERROR(VLOOKUP(B95,'วันที่ 4 กะเช้า'!$B$8:$AH$106,28,FALSE),0)-IFERROR(VLOOKUP(B95,'วันที่ 4 กะเช้า'!$B$8:$AH$106,27,FALSE),0) | R95: =IFERROR(VLOOKUP(B95,'วันที่ 4 กะเช้า'!$B$8:$AH$106,27,FALSE),0) | S95: =IFERROR(VLOOKUP(B95,'วันที่ 5 กะเช้า'!$B$8:$AH$107,28,FALSE),0)-IFERROR(VLOOKUP(B95,'วันที่ 5 กะเช้า'!$B$8:$AH$107,27,FALSE),0) | T95: =IFERROR(VLOOKUP(B95,'วันที่ 5 กะเช้า'!$B$8:$AH$107,27,FALSE),0) | U95: =IFERROR(VLOOKUP(B95,'วันที่ 5 กะดึก'!$B$8:$AH$106,27,FALSE),0) | V95: =IFERROR(VLOOKUP(B95,'วันที่ 5 กะดึก'!$B$8:$AH$106,27,FALSE),0) | W95: =IFERROR(VLOOKUP(B95,'วันที่ 7'!$B$8:$AH$105,28,FALSE),0)-IFERROR(VLOOKUP(B95,'วันที่ 7'!$B$8:$AH$105,27,FALSE),0) | X95: =IFERROR(VLOOKUP(B95,'วันที่ 7'!$B$8:$AH$105,27,FALSE),0) | Y95: =IFERROR(VLOOKUP(B95,'วันที่ 8'!$B$8:$AH$109,28,FALSE),0)-IFERROR(VLOOKUP(B95,'วันที่ 8'!$B$8:$AH$109,27,FALSE),0) | Z95: =IFERROR(VLOOKUP(B95,'วันที่ 8'!$B$8:$AH$109,27,FALSE),0) | AA95: =IFERROR(VLOOKUP(B95,'กะเช้าวันที่ 12'!$B$8:$AC$102,28,FALSE),0)-IFERROR(VLOOKUP(B95,'กะเช้าวันที่ 12'!$B$8:$AC$102,27,FALSE),0) | AB95: =IFERROR(VLOOKUP(B95,'กะเช้าวันที่ 12'!$B$8:$AC$102,27,FALSE),0) | AC95: =IFERROR(VLOOKUP(B95,'กะเช้าวันที่ 14'!$B$8:$AC$104,28,FALSE),0)-IFERROR(VLOOKUP(B95,'กะเช้าวันที่ 14'!$B$8:$AC$104,27,FALSE),0) | AD95: =IFERROR(VLOOKUP(B95,'กะเช้าวันที่ 14'!$B$8:$AC$104,27,FALSE),0) | AE95: =IFERROR(VLOOKUP(B95,'กะดึกวันที่ 13'!$B$8:$AC$105,28,FALSE),0)-IFERROR(VLOOKUP(B95,'กะดึกวันที่ 13'!$B$8:$AC$105,27,FALSE),0) | AF95: =IFERROR(VLOOKUP(C95,'กะดึกวันที่ 13'!$B$8:$AC$105,27,FALSE),0) | AG95: =IFERROR(VLOOKUP(B95,'วันที่ 12'!$B$8:$AH$105,28,FALSE),0) | AH95: =IFERROR(VLOOKUP(B95,'วันที่ 14'!$B$8:$AH$106,28,FALSE),0) | AI95: =IFERROR(VLOOKUP(B95,'วันที่ 15'!$B$8:$AH$106,28,FALSE),0) | AJ95: =IFERROR(VLOOKUP(B95,'วันที่ 16'!$B$8:$AH$105,28,FALSE),0) | AK95: =IFERROR(VLOOKUP(B95,'วันที่ 17'!$B$8:$AH$105,28,FALSE),0) | AL95: =IFERROR(VLOOKUP(B95,'วันที่ 18'!$B$8:$AH$104,28,FALSE),0) | AM95: =IFERROR(VLOOKUP(B95,'วันที่ 19'!$B$8:$AH$106,28,FALSE),0) | AN95: =IFERROR(VLOOKUP(B95,'วันที่ 20'!$B$8:$AH$105,28,FALSE),0) | AO95: =IFERROR(VLOOKUP(B95,'วันที่ 21'!$B$8:$AH$106,28,FALSE),0) | AP95: =IFERROR(VLOOKUP(B95,'วันที่ 22'!$B$8:$AH$105,28,FALSE),0) | AQ95: =IFERROR(VLOOKUP(B95,'วันที่ 23'!$B$8:$AH$107,28,FALSE),0) | AR95: =IFERROR(VLOOKUP(B95,'วันที่ 24'!$B$8:$AH$104,28,FALSE),0) | AS95: =IFERROR(VLOOKUP(B95,'วันที่ 25'!$B$8:$AH$106,28,FALSE),0) | AT95: =IFERROR(VLOOKUP(B95,'วันที่ 26'!$B$8:$AH$105,28,FALSE),0) | AU95: =IFERROR(VLOOKUP(B95,'วันที่ 26'!$B$8:$AH$104,28,FALSE),0) | AV95: =IFERROR(VLOOKUP(B95,'วันที่ 30'!$B$8:$AH$107,28,FALSE),0) | AW95: =IFERROR(VLOOKUP(B95,'วันที่ 31'!$B$8:$AG$105,28,FALSE),0) | AX95: =SUM(E95:AW95)
... A97: 99 | B97: กาญจนา วิสุทธิพงศ์ | C97: =IFERROR(VLOOKUP(B97,Members!B:C,2,FALSE),0) | D97: =IFERROR(VLOOKUP(B97,Members!$B:$H,7,FALSE),0) | E97: =IFERROR(VLOOKUP(B97,'วันที่ 1'!$B$8:$AH$103,28,FALSE),0) - IFERROR(VLOOKUP(B97,'วันที่ 1'!$B$8:$AH$103,27,FALSE),0) | F97: =IFERROR(VLOOKUP(C97,'วันที่ 1'!$B$8:$AH$103,27,FALSE),0) | G97: =IFERROR(VLOOKUP(B97,'วันที่ 1'!$B$8:$AH$103,28,FALSE),0)-IFERROR(VLOOKUP(B97,'วันที่ 1'!$B$8:$AH$103,27,FALSE),0) | H97: =IFERROR(VLOOKUP(B97,'วันที่ 1'!$B$8:$AH$103,27,FALSE),0) | I97: =IFERROR(VLOOKUP(B97,'วันที่ 2'!$B$8:$AF$106,28,FALSE),0)-IFERROR(VLOOKUP(B97,'วันที่ 2'!$B$8:$AF$106,27,FALSE),0) | J97: =IFERROR(VLOOKUP(B97,'วันที่ 2'!$B$8:$AF$106,27,FALSE),0) | K97: =IFERROR(VLOOKUP(B97,'วันที่ 3 กะเช้า'!$B$8:$AK$106,28,FALSE),0)-IFERROR(VLOOKUP(B97,'วันที่ 3 กะเช้า'!$B$8:$AK$106,27,FALSE),0) | L97: =IFERROR(VLOOKUP(B97,'วันที่ 3 กะเช้า'!$B$8:$AK$106,27,FALSE),0) | M97: =IFERROR(VLOOKUP(B97,'วันที่ 4 กะเช้า'!$B$8:$AG$107,28,FALSE),0)-IFERROR(VLOOKUP(B97,'วันที่ 4 กะเช้า'!$B$8:$AG$107,27,FALSE),0) | N97: =IFERROR(VLOOKUP(B97,'วันที่ 4 กะเช้า'!$B$8:$AG$107,27,FALSE),0) | O97: =IFERROR(VLOOKUP(B97,'วันที่ 4 กะเช้า'!$B$8:$AH$106,28,FALSE),0)-IFERROR(VLOOKUP(B97,'วันที่ 4 กะเช้า'!$B$8:$AH$106,27,FALSE),0) | P97: =IFERROR(VLOOKUP(B97,'วันที่ 4 กะเช้า'!$B$8:$AH$106,27,FALSE),0) | Q97: =IFERROR(VLOOKUP(B97,'วันที่ 4 กะเช้า'!$B$8:$AH$106,28,FALSE),0)-IFERROR(VLOOKUP(B97,'วันที่ 4 กะเช้า'!$B$8:$AH$106,27,FALSE),0) | R97: =IFERROR(VLOOKUP(B97,'วันที่ 4 กะเช้า'!$B$8:$AH$106,27,FALSE),0) | S97: =IFERROR(VLOOKUP(B97,'วันที่ 5 กะเช้า'!$B$8:$AH$107,28,FALSE),0)-IFERROR(VLOOKUP(B97,'วันที่ 5 กะเช้า'!$B$8:$AH$107,27,FALSE),0) | T97: =IFERROR(VLOOKUP(B97,'วันที่ 5 กะเช้า'!$B$8:$AH$107,27,FALSE),0) | U97: =IFERROR(VLOOKUP(B97,'วันที่ 5 กะดึก'!$B$8:$AH$106,27,FALSE),0) | V97: =IFERROR(VLOOKUP(B97,'วันที่ 5 กะดึก'!$B$8:$AH$106,27,FALSE),0) | W97: =IFERROR(VLOOKUP(B97,'วันที่ 7'!$B$8:$AH$105,28,FALSE),0)-IFERROR(VLOOKUP(B97,'วันที่ 7'!$B$8:$AH$105,27,FALSE),0) | X97: =IFERROR(VLOOKUP(B97,'วันที่ 7'!$B$8:$AH$105,27,FALSE),0) | Y97: =IFERROR(VLOOKUP(B97,'วันที่ 8'!$B$8:$AH$109,28,FALSE),0)-IFERROR(VLOOKUP(B97,'วันที่ 8'!$B$8:$AH$109,27,FALSE),0) | Z97: =IFERROR(VLOOKUP(B97,'วันที่ 8'!$B$8:$AH$109,27,FALSE),0) | AA97: =IFERROR(VLOOKUP(B97,'กะเช้าวันที่ 12'!$B$8:$AC$102,28,FALSE),0)-IFERROR(VLOOKUP(B97,'กะเช้าวันที่ 12'!$B$8:$AC$102,27,FALSE),0) | AB97: =IFERROR(VLOOKUP(B97,'กะเช้าวันที่ 12'!$B$8:$AC$102,27,FALSE),0) | AC97: =IFERROR(VLOOKUP(B97,'กะเช้าวันที่ 14'!$B$8:$AC$104,28,FALSE),0)-IFERROR(VLOOKUP(B97,'กะเช้าวันที่ 14'!$B$8:$AC$104,27,FALSE),0) | AD97: =IFERROR(VLOOKUP(B97,'กะเช้าวันที่ 14'!$B$8:$AC$104,27,FALSE),0) | AE97: =IFERROR(VLOOKUP(B97,'กะดึกวันที่ 13'!$B$8:$AC$105,28,FALSE),0)-IFERROR(VLOOKUP(B97,'กะดึกวันที่ 13'!$B$8:$AC$105,27,FALSE),0) | AF97: =IFERROR(VLOOKUP(C97,'กะดึกวันที่ 13'!$B$8:$AC$105,27,FALSE),0) | AG97: =IFERROR(VLOOKUP(B97,'วันที่ 12'!$B$8:$AH$105,28,FALSE),0) | AH97: =IFERROR(VLOOKUP(B97,'วันที่ 14'!$B$8:$AH$106,28,FALSE),0) | AI97: =IFERROR(VLOOKUP(B97,'วันที่ 15'!$B$8:$AH$106,28,FALSE),0) | AJ97: =IFERROR(VLOOKUP(B97,'วันที่ 16'!$B$8:$AH$105,28,FALSE),0) | AK97: =IFERROR(VLOOKUP(B97,'วันที่ 17'!$B$8:$AH$105,28,FALSE),0) | AL97: =IFERROR(VLOOKUP(B97,'วันที่ 18'!$B$8:$AH$104,28,FALSE),0) | AM97: =IFERROR(VLOOKUP(B97,'วันที่ 19'!$B$8:$AH$106,28,FALSE),0) | AN97: =IFERROR(VLOOKUP(B97,'วันที่ 20'!$B$8:$AH$105,28,FALSE),0) | AO97: =IFERROR(VLOOKUP(B97,'วันที่ 21'!$B$8:$AH$106,28,FALSE),0) | AP97: =IFERROR(VLOOKUP(B97,'วันที่ 22'!$B$8:$AH$105,28,FALSE),0) | AQ97: =IFERROR(VLOOKUP(B97,'วันที่ 23'!$B$8:$AH$107,28,FALSE),0) | AR97: =IFERROR(VLOOKUP(B97,'วันที่ 24'!$B$8:$AH$104,28,FALSE),0) | AS97: =IFERROR(VLOOKUP(B97,'วันที่ 25'!$B$8:$AH$106,28,FALSE),0) | AT97: =IFERROR(VLOOKUP(B97,'วันที่ 26'!$B$8:$AH$105,28,FALSE),0) | AU97: =IFERROR(VLOOKUP(B97,'วันที่ 26'!$B$8:$AH$104,28,FALSE),0) | AV97: =IFERROR(VLOOKUP(B97,'วันที่ 30'!$B$8:$AH$107,28,FALSE),0) | AW97: =IFERROR(VLOOKUP(B97,'วันที่ 31'!$B$8:$AG$105,28,FALSE),0) | AX97: =SUM(E97:AW97)
A98: 100 | B98: กัณญาณัฐ เพชรจำรัส | C98: ปลา | D98: =IFERROR(VLOOKUP(B98,Members!$B:$H,7,FALSE),0) | E98: =IFERROR(VLOOKUP(B98,'วันที่ 1'!$B$8:$AH$103,28,FALSE),0) - IFERROR(VLOOKUP(B98,'วันที่ 1'!$B$8:$AH$103,27,FALSE),0) | F98: =IFERROR(VLOOKUP(C98,'วันที่ 1'!$B$8:$AH$103,27,FALSE),0) | G98: =IFERROR(VLOOKUP(B98,'วันที่ 1'!$B$8:$AH$103,28,FALSE),0)-IFERROR(VLOOKUP(B98,'วันที่ 1'!$B$8:$AH$103,27,FALSE),0) | H98: =IFERROR(VLOOKUP(B98,'วันที่ 1'!$B$8:$AH$103,27,FALSE),0) | I98: =IFERROR(VLOOKUP(B98,'วันที่ 2'!$B$8:$AF$106,28,FALSE),0)-IFERROR(VLOOKUP(B98,'วันที่ 2'!$B$8:$AF$106,27,FALSE),0) | J98: =IFERROR(VLOOKUP(B98,'วันที่ 2'!$B$8:$AF$106,27,FALSE),0) | K98: =IFERROR(VLOOKUP(B98,'วันที่ 3 กะเช้า'!$B$8:$AK$106,28,FALSE),0)-IFERROR(VLOOKUP(B98,'วันที่ 3 กะเช้า'!$B$8:$AK$106,27,FALSE),0) | L98: =IFERROR(VLOOKUP(B98,'วันที่ 3 กะเช้า'!$B$8:$AK$106,27,FALSE),0) | M98: =IFERROR(VLOOKUP(B98,'วันที่ 4 กะเช้า'!$B$8:$AG$107,28,FALSE),0)-IFERROR(VLOOKUP(B98,'วันที่ 4 กะเช้า'!$B$8:$AG$107,27,FALSE),0) | N98: =IFERROR(VLOOKUP(B98,'วันที่ 4 กะเช้า'!$B$8:$AG$107,27,FALSE),0) | O98: =IFERROR(VLOOKUP(B98,'วันที่ 4 กะเช้า'!$B$8:$AH$106,28,FALSE),0)-IFERROR(VLOOKUP(B98,'วันที่ 4 กะเช้า'!$B$8:$AH$106,27,FALSE),0) | P98: =IFERROR(VLOOKUP(B98,'วันที่ 4 กะเช้า'!$B$8:$AH$106,27,FALSE),0) | Q98: =IFERROR(VLOOKUP(B98,'วันที่ 4 กะเช้า'!$B$8:$AH$106,28,FALSE),0)-IFERROR(VLOOKUP(B98,'วันที่ 4 กะเช้า'!$B$8:$AH$106,27,FALSE),0) | R98: =IFERROR(VLOOKUP(B98,'วันที่ 4 กะเช้า'!$B$8:$AH$106,27,FALSE),0) | S98: =IFERROR(VLOOKUP(B98,'วันที่ 5 กะเช้า'!$B$8:$AH$107,28,FALSE),0)-IFERROR(VLOOKUP(B98,'วันที่ 5 กะเช้า'!$B$8:$AH$107,27,FALSE),0) | T98: =IFERROR(VLOOKUP(B98,'วันที่ 5 กะเช้า'!$B$8:$AH$107,27,FALSE),0) | U98: =IFERROR(VLOOKUP(B98,'วันที่ 5 กะดึก'!$B$8:$AH$106,27,FALSE),0) | V98: =IFERROR(VLOOKUP(B98,'วันที่ 5 กะดึก'!$B$8:$AH$106,27,FALSE),0) | W98: =IFERROR(VLOOKUP(B98,'วันที่ 7'!$B$8:$AH$105,28,FALSE),0)-IFERROR(VLOOKUP(B98,'วันที่ 7'!$B$8:$AH$105,27,FALSE),0) | X98: =IFERROR(VLOOKUP(B98,'วันที่ 7'!$B$8:$AH$105,27,FALSE),0) | Y98: =IFERROR(VLOOKUP(B98,'วันที่ 8'!$B$8:$AH$109,28,FALSE),0)-IFERROR(VLOOKUP(B98,'วันที่ 8'!$B$8:$AH$109,27,FALSE),0) | Z98: =IFERROR(VLOOKUP(B98,'วันที่ 8'!$B$8:$AH$109,27,FALSE),0) | AA98: =IFERROR(VLOOKUP(B98,'กะเช้าวันที่ 12'!$B$8:$AC$102,28,FALSE),0)-IFERROR(VLOOKUP(B98,'กะเช้าวันที่ 12'!$B$8:$AC$102,27,FALSE),0) | AB98: =IFERROR(VLOOKUP(B98,'กะเช้าวันที่ 12'!$B$8:$AC$102,27,FALSE),0) | AC98: =IFERROR(VLOOKUP(B98,'กะเช้าวันที่ 14'!$B$8:$AC$104,28,FALSE),0)-IFERROR(VLOOKUP(B98,'กะเช้าวันที่ 14'!$B$8:$AC$104,27,FALSE),0) | AD98: =IFERROR(VLOOKUP(B98,'กะเช้าวันที่ 14'!$B$8:$AC$104,27,FALSE),0) | AE98: =IFERROR(VLOOKUP(B98,'กะดึกวันที่ 13'!$B$8:$AC$105,28,FALSE),0)-IFERROR(VLOOKUP(B98,'กะดึกวันที่ 13'!$B$8:$AC$105,27,FALSE),0) | AF98: =IFERROR(VLOOKUP(C98,'กะดึกวันที่ 13'!$B$8:$AC$105,27,FALSE),0) | AG98: =IFERROR(VLOOKUP(B98,'วันที่ 12'!$B$8:$AH$105,28,FALSE),0) | AH98: =IFERROR(VLOOKUP(B98,'วันที่ 14'!$B$8:$AH$106,28,FALSE),0) | AI98: =IFERROR(VLOOKUP(B98,'วันที่ 15'!$B$8:$AH$106,28,FALSE),0) | AJ98: =IFERROR(VLOOKUP(B98,'วันที่ 16'!$B$8:$AH$105,28,FALSE),0) | AK98: =IFERROR(VLOOKUP(B98,'วันที่ 17'!$B$8:$AH$105,28,FALSE),0) | AL98: =IFERROR(VLOOKUP(B98,'วันที่ 18'!$B$8:$AH$104,28,FALSE),0) | AM98: =IFERROR(VLOOKUP(B98,'วันที่ 19'!$B$8:$AH$106,28,FALSE),0) | AN98: =IFERROR(VLOOKUP(B98,'วันที่ 20'!$B$8:$AH$105,28,FALSE),0) | AO98: =IFERROR(VLOOKUP(B98,'วันที่ 21'!$B$8:$AH$106,28,FALSE),0) | AP98: =IFERROR(VLOOKUP(B98,'วันที่ 22'!$B$8:$AH$105,28,FALSE),0) | AQ98: =IFERROR(VLOOKUP(B98,'วันที่ 23'!$B$8:$AH$107,28,FALSE),0) | AR98: =IFERROR(VLOOKUP(B98,'วันที่ 24'!$B$8:$AH$104,28,FALSE),0) | AS98: =IFERROR(VLOOKUP(B98,'วันที่ 25'!$B$8:$AH$106,28,FALSE),0) | AT98: =IFERROR(VLOOKUP(B98,'วันที่ 26'!$B$8:$AH$105,28,FALSE),0) | AU98: =IFERROR(VLOOKUP(B98,'วันที่ 26'!$B$8:$AH$104,28,FALSE),0) | AV98: =IFERROR(VLOOKUP(B98,'วันที่ 30'!$B$8:$AH$107,28,FALSE),0) | AW98: =IFERROR(VLOOKUP(B98,'วันที่ 31'!$B$8:$AG$105,28,FALSE),0) | AX98: =SUM(E98:AW98)
C99: =IFERROR(VLOOKUP(B99,Members!B:C,2,FALSE),0) | D99: =IFERROR(VLOOKUP(B99,Members!$B:$H,7,FALSE),0) | E99: =IFERROR(VLOOKUP(B99,'วันที่ 1'!$B$8:$AH$103,28,FALSE),0) - IFERROR(VLOOKUP(B99,'วันที่ 1'!$B$8:$AH$103,27,FALSE),0) | F99: =IFERROR(VLOOKUP(C99,'วันที่ 1'!$B$8:$AH$103,27,FALSE),0) | G99: =IFERROR(VLOOKUP(B99,'วันที่ 1'!$B$8:$AH$103,28,FALSE),0)-IFERROR(VLOOKUP(B99,'วันที่ 1'!$B$8:$AH$103,27,FALSE),0) | H99: =IFERROR(VLOOKUP(B99,'วันที่ 1'!$B$8:$AH$103,27,FALSE),0) | I99: =IFERROR(VLOOKUP(B99,'วันที่ 2'!$B$8:$AF$106,28,FALSE),0)-IFERROR(VLOOKUP(B99,'วันที่ 2'!$B$8:$AF$106,27,FALSE),0) | J99: =IFERROR(VLOOKUP(B99,'วันที่ 2'!$B$8:$AF$106,27,FALSE),0) | K99: =IFERROR(VLOOKUP(B99,'วันที่ 3 กะเช้า'!$B$8:$AK$106,28,FALSE),0)-IFERROR(VLOOKUP(B99,'วันที่ 3 กะเช้า'!$B$8:$AK$106,27,FALSE),0) | L99: =IFERROR(VLOOKUP(B99,'วันที่ 3 กะเช้า'!$B$8:$AK$106,27,FALSE),0) | M99: =IFERROR(VLOOKUP(B99,'วันที่ 4 กะเช้า'!$B$8:$AG$107,28,FALSE),0)-IFERROR(VLOOKUP(B99,'วันที่ 4 กะเช้า'!$B$8:$AG$107,27,FALSE),0) | N99: =IFERROR(VLOOKUP(B99,'วันที่ 4 กะเช้า'!$B$8:$AG$107,27,FALSE),0) | O99: =IFERROR(VLOOKUP(B99,'วันที่ 4 กะเช้า'!$B$8:$AH$106,28,FALSE),0)-IFERROR(VLOOKUP(B99,'วันที่ 4 กะเช้า'!$B$8:$AH$106,27,FALSE),0) | P99: =IFERROR(VLOOKUP(B99,'วันที่ 4 กะเช้า'!$B$8:$AH$106,27,FALSE),0) | Q99: =IFERROR(VLOOKUP(B99,'วันที่ 4 กะเช้า'!$B$8:$AH$106,28,FALSE),0)-IFERROR(VLOOKUP(B99,'วันที่ 4 กะเช้า'!$B$8:$AH$106,27,FALSE),0) | R99: =IFERROR(VLOOKUP(B99,'วันที่ 4 กะเช้า'!$B$8:$AH$106,27,FALSE),0) | S99: =IFERROR(VLOOKUP(B99,'วันที่ 5 กะเช้า'!$B$8:$AH$107,28,FALSE),0)-IFERROR(VLOOKUP(B99,'วันที่ 5 กะเช้า'!$B$8:$AH$107,27,FALSE),0) | T99: =IFERROR(VLOOKUP(B99,'วันที่ 5 กะเช้า'!$B$8:$AH$107,27,FALSE),0) | U99: =IFERROR(VLOOKUP(B99,'วันที่ 5 กะดึก'!$B$8:$AH$106,27,FALSE),0) | V99: =IFERROR(VLOOKUP(B99,'วันที่ 5 กะดึก'!$B$8:$AH$106,27,FALSE),0) | W99: =IFERROR(VLOOKUP(B99,'วันที่ 7'!$B$8:$AH$105,28,FALSE),0)-IFERROR(VLOOKUP(B99,'วันที่ 7'!$B$8:$AH$105,27,FALSE),0) | X99: =IFERROR(VLOOKUP(B99,'วันที่ 7'!$B$8:$AH$105,27,FALSE),0) | Y99: =IFERROR(VLOOKUP(B99,'วันที่ 8'!$B$8:$AH$109,28,FALSE),0)-IFERROR(VLOOKUP(B99,'วันที่ 8'!$B$8:$AH$109,27,FALSE),0) | Z99: =IFERROR(VLOOKUP(B99,'วันที่ 8'!$B$8:$AH$109,27,FALSE),0) | AA99: =IFERROR(VLOOKUP(B99,'กะเช้าวันที่ 12'!$B$8:$AC$102,28,FALSE),0)-IFERROR(VLOOKUP(B99,'กะเช้าวันที่ 12'!$B$8:$AC$102,27,FALSE),0) | AB99: =IFERROR(VLOOKUP(B99,'กะเช้าวันที่ 12'!$B$8:$AC$102,27,FALSE),0) | AC99: =IFERROR(VLOOKUP(B99,'กะเช้าวันที่ 14'!$B$8:$AC$104,28,FALSE),0)-IFERROR(VLOOKUP(B99,'กะเช้าวันที่ 14'!$B$8:$AC$104,27,FALSE),0) | AD99: =IFERROR(VLOOKUP(B99,'กะเช้าวันที่ 14'!$B$8:$AC$104,27,FALSE),0) | AE99: =IFERROR(VLOOKUP(B99,'กะดึกวันที่ 13'!$B$8:$AC$105,28,FALSE),0)-IFERROR(VLOOKUP(B99,'กะดึกวันที่ 13'!$B$8:$AC$105,27,FALSE),0) | AF99: =IFERROR(VLOOKUP(C99,'กะดึกวันที่ 13'!$B$8:$AC$105,27,FALSE),0) | AG99: =IFERROR(VLOOKUP(B99,'วันที่ 12'!$B$8:$AH$105,28,FALSE),0) | AH99: =IFERROR(VLOOKUP(B99,'วันที่ 14'!$B$8:$AH$106,28,FALSE),0) | AI99: =IFERROR(VLOOKUP(B99,'วันที่ 15'!$B$8:$AH$106,28,FALSE),0) | AJ99: =IFERROR(VLOOKUP(B99,'วันที่ 16'!$B$8:$AH$105,28,FALSE),0) | AK99: =IFERROR(VLOOKUP(B99,'วันที่ 17'!$B$8:$AH$105,28,FALSE),0) | AL99: =IFERROR(VLOOKUP(B99,'วันที่ 18'!$B$8:$AH$104,28,FALSE),0) | AM99: =IFERROR(VLOOKUP(B99,'วันที่ 19'!$B$8:$AH$106,28,FALSE),0) | AN99: =IFERROR(VLOOKUP(B99,'วันที่ 20'!$B$8:$AH$105,28,FALSE),0) | AO99: =IFERROR(VLOOKUP(B99,'วันที่ 21'!$B$8:$AH$106,28,FALSE),0) | AP99: =IFERROR(VLOOKUP(B99,'วันที่ 22'!$B$8:$AH$105,28,FALSE),0) | AQ99: =IFERROR(VLOOKUP(B99,'วันที่ 23'!$B$8:$AH$107,28,FALSE),0) | AR99: =IFERROR(VLOOKUP(B99,'วันที่ 24'!$B$8:$AH$104,28,FALSE),0) | AS99: =IFERROR(VLOOKUP(B99,'วันที่ 25'!$B$8:$AH$106,28,FALSE),0) | AT99: =IFERROR(VLOOKUP(B99,'วันที่ 26'!$B$8:$AH$105,28,FALSE),0) | AU99: =IFERROR(VLOOKUP(B99,'วันที่ 26'!$B$8:$AH$104,28,FALSE),0) | AV99: =IFERROR(VLOOKUP(B99,'วันที่ 30'!$B$8:$AH$107,28,FALSE),0) | AW99: =IFERROR(VLOOKUP(B99,'วันที่ 31'!$B$8:$AG$105,28,FALSE),0) | AX99: =SUM(E99:AW99)
C100: =IFERROR(VLOOKUP(B97,Members!B:C,2,FALSE),0) | D100: =IFERROR(VLOOKUP(B97,Members!$B:$H,7,FALSE),0) | E100: =IFERROR(VLOOKUP(B97,'วันที่ 1'!$B$8:$AH$103,28,FALSE),0) - IFERROR(VLOOKUP(B97,'วันที่ 1'!$B$8:$AH$103,27,FALSE),0) | F100: =IFERROR(VLOOKUP(C100,'วันที่ 1'!$B$8:$AH$103,27,FALSE),0) | G100: =IFERROR(VLOOKUP(B97,'วันที่ 1'!$B$8:$AH$103,28,FALSE),0)-IFERROR(VLOOKUP(B97,'วันที่ 1'!$B$8:$AH$103,27,FALSE),0) | H100: =IFERROR(VLOOKUP(B97,'วันที่ 1'!$B$8:$AH$103,27,FALSE),0) | I100: =IFERROR(VLOOKUP(B97,'วันที่ 2'!$B$8:$AF$106,28,FALSE),0)-IFERROR(VLOOKUP(B97,'วันที่ 2'!$B$8:$AF$106,27,FALSE),0) | J100: =IFERROR(VLOOKUP(B97,'วันที่ 2'!$B$8:$AF$106,27,FALSE),0) | K100: =IFERROR(VLOOKUP(B97,'วันที่ 3 กะเช้า'!$B$8:$AK$106,28,FALSE),0)-IFERROR(VLOOKUP(B97,'วันที่ 3 กะเช้า'!$B$8:$AK$106,27,FALSE),0) | L100: =IFERROR(VLOOKUP(B97,'วันที่ 3 กะเช้า'!$B$8:$AK$106,27,FALSE),0) | M100: =IFERROR(VLOOKUP(B97,'วันที่ 4 กะเช้า'!$B$8:$AG$107,28,FALSE),0)-IFERROR(VLOOKUP(B97,'วันที่ 4 กะเช้า'!$B$8:$AG$107,27,FALSE),0) | N100: =IFERROR(VLOOKUP(B97,'วันที่ 4 กะเช้า'!$B$8:$AG$107,27,FALSE),0) | O100: =IFERROR(VLOOKUP(B97,'วันที่ 4 กะเช้า'!$B$8:$AH$106,28,FALSE),0)-IFERROR(VLOOKUP(B97,'วันที่ 4 กะเช้า'!$B$8:$AH$106,27,FALSE),0) | P100: =IFERROR(VLOOKUP(B97,'วันที่ 4 กะเช้า'!$B$8:$AH$106,27,FALSE),0) | Q100: =IFERROR(VLOOKUP(B97,'วันที่ 4 กะเช้า'!$B$8:$AH$106,28,FALSE),0)-IFERROR(VLOOKUP(B97,'วันที่ 4 กะเช้า'!$B$8:$AH$106,27,FALSE),0) | R100: =IFERROR(VLOOKUP(B97,'วันที่ 4 กะเช้า'!$B$8:$AH$106,27,FALSE),0) | S100: =IFERROR(VLOOKUP(B97,'วันที่ 5 กะเช้า'!$B$8:$AH$107,28,FALSE),0)-IFERROR(VLOOKUP(B97,'วันที่ 5 กะเช้า'!$B$8:$AH$107,27,FALSE),0) | T100: =IFERROR(VLOOKUP(B97,'วันที่ 5 กะเช้า'!$B$8:$AH$107,27,FALSE),0) | U100: =IFERROR(VLOOKUP(B97,'วันที่ 5 กะดึก'!$B$8:$AH$106,27,FALSE),0) | V100: =IFERROR(VLOOKUP(B97,'วันที่ 5 กะดึก'!$B$8:$AH$106,27,FALSE),0) | W100: =IFERROR(VLOOKUP(B97,'วันที่ 7'!$B$8:$AH$105,28,FALSE),0)-IFERROR(VLOOKUP(B97,'วันที่ 7'!$B$8:$AH$105,27,FALSE),0) | X100: =IFERROR(VLOOKUP(B97,'วันที่ 7'!$B$8:$AH$105,27,FALSE),0) | Y100: =IFERROR(VLOOKUP(B97,'วันที่ 8'!$B$8:$AH$109,28,FALSE),0)-IFERROR(VLOOKUP(B97,'วันที่ 8'!$B$8:$AH$109,27,FALSE),0) | Z100: =IFERROR(VLOOKUP(B97,'วันที่ 8'!$B$8:$AH$109,27,FALSE),0) | AA100: =IFERROR(VLOOKUP(B97,'กะเช้าวันที่ 12'!$B$8:$AC$102,28,FALSE),0)-IFERROR(VLOOKUP(B97,'กะเช้าวันที่ 12'!$B$8:$AC$102,27,FALSE),0) | AB100: =IFERROR(VLOOKUP(B97,'กะเช้าวันที่ 12'!$B$8:$AC$102,27,FALSE),0) | AC100: =IFERROR(VLOOKUP(B97,'กะเช้าวันที่ 14'!$B$8:$AC$104,28,FALSE),0)-IFERROR(VLOOKUP(B97,'กะเช้าวันที่ 14'!$B$8:$AC$104,27,FALSE),0) | AD100: =IFERROR(VLOOKUP(B97,'กะเช้าวันที่ 14'!$B$8:$AC$104,27,FALSE),0) | AE100: =IFERROR(VLOOKUP(B100,'กะดึกวันที่ 13'!$B$8:$AC$105,28,FALSE),0)-IFERROR(VLOOKUP(B100,'กะดึกวันที่ 13'!$B$8:$AC$105,27,FALSE),0) | AF100: =IFERROR(VLOOKUP(C100,'กะดึกวันที่ 13'!$B$8:$AC$105,27,FALSE),0) | AG100: =IFERROR(VLOOKUP(B97,'วันที่ 12'!$B$8:$AH$105,28,FALSE),0) | AH100: =IFERROR(VLOOKUP(B97,'วันที่ 14'!$B$8:$AH$106,28,FALSE),0) | AI100: =IFERROR(VLOOKUP(B97,'วันที่ 15'!$B$8:$AH$106,28,FALSE),0) | AJ100: =IFERROR(VLOOKUP(B97,'วันที่ 16'!$B$8:$AH$105,28,FALSE),0) | AK100: =IFERROR(VLOOKUP(B97,'วันที่ 17'!$B$8:$AH$105,28,FALSE),0) | AL100: =IFERROR(VLOOKUP(B97,'วันที่ 18'!$B$8:$AH$104,28,FALSE),0) | AM100: =IFERROR(VLOOKUP(B97,'วันที่ 19'!$B$8:$AH$106,28,FALSE),0) | AN100: =IFERROR(VLOOKUP(B97,'วันที่ 20'!$B$8:$AH$105,28,FALSE),0) | AO100: =IFERROR(VLOOKUP(B97,'วันที่ 21'!$B$8:$AH$106,28,FALSE),0) | AP100: =IFERROR(VLOOKUP(B97,'วันที่ 22'!$B$8:$AH$105,28,FALSE),0) | AQ100: =IFERROR(VLOOKUP(B97,'วันที่ 23'!$B$8:$AH$107,28,FALSE),0) | AR100: =IFERROR(VLOOKUP(B97,'วันที่ 24'!$B$8:$AH$104,28,FALSE),0) | AS100: =IFERROR(VLOOKUP(B97,'วันที่ 25'!$B$8:$AH$106,28,FALSE),0) | AT100: =IFERROR(VLOOKUP(B97,'วันที่ 26'!$B$8:$AH$105,28,FALSE),0) | AU100: =IFERROR(VLOOKUP(B97,'วันที่ 26'!$B$8:$AH$104,28,FALSE),0) | AV100: =IFERROR(VLOOKUP(B97,'วันที่ 30'!$B$8:$AH$107,28,FALSE),0) | AW100: =IFERROR(VLOOKUP(B97,'วันที่ 31'!$B$8:$AG$105,28,FALSE),0) | AX100: =SUM(E100:AW100)
C101: =IFERROR(VLOOKUP(B101,Members!B:C,2,FALSE),0) | D101: =IFERROR(VLOOKUP(B101,Members!$B:$H,7,FALSE),0) | E101: =IFERROR(VLOOKUP(B101,'วันที่ 1'!$B$8:$AH$103,28,FALSE),0) - IFERROR(VLOOKUP(B101,'วันที่ 1'!$B$8:$AH$103,27,FALSE),0) | F101: =IFERROR(VLOOKUP(C101,'วันที่ 1'!$B$8:$AH$103,27,FALSE),0) | G101: =IFERROR(VLOOKUP(B101,'วันที่ 1'!$B$8:$AH$103,28,FALSE),0)-IFERROR(VLOOKUP(B101,'วันที่ 1'!$B$8:$AH$103,27,FALSE),0) | H101: =IFERROR(VLOOKUP(B101,'วันที่ 1'!$B$8:$AH$103,27,FALSE),0) | I101: =IFERROR(VLOOKUP(B101,'วันที่ 2'!$B$8:$AF$106,28,FALSE),0)-IFERROR(VLOOKUP(B101,'วันที่ 2'!$B$8:$AF$106,27,FALSE),0) | J101: =IFERROR(VLOOKUP(B101,'วันที่ 2'!$B$8:$AF$106,27,FALSE),0) | K101: =IFERROR(VLOOKUP(B101,'วันที่ 3 กะเช้า'!$B$8:$AK$106,28,FALSE),0)-IFERROR(VLOOKUP(B101,'วันที่ 3 กะเช้า'!$B$8:$AK$106,27,FALSE),0) | L101: =IFERROR(VLOOKUP(B101,'วันที่ 3 กะเช้า'!$B$8:$AK$106,27,FALSE),0) | M101: =IFERROR(VLOOKUP(B101,'วันที่ 4 กะเช้า'!$B$8:$AG$107,28,FALSE),0)-IFERROR(VLOOKUP(B101,'วันที่ 4 กะเช้า'!$B$8:$AG$107,27,FALSE),0) | N101: =IFERROR(VLOOKUP(B101,'วันที่ 4 กะเช้า'!$B$8:$AG$107,27,FALSE),0) | O101: =IFERROR(VLOOKUP(B101,'วันที่ 4 กะเช้า'!$B$8:$AH$106,28,FALSE),0)-IFERROR(VLOOKUP(B101,'วันที่ 4 กะเช้า'!$B$8:$AH$106,27,FALSE),0) | P101: =IFERROR(VLOOKUP(B101,'วันที่ 4 กะเช้า'!$B$8:$AH$106,27,FALSE),0) | Q101: =IFERROR(VLOOKUP(B101,'วันที่ 4 กะเช้า'!$B$8:$AH$106,28,FALSE),0)-IFERROR(VLOOKUP(B101,'วันที่ 4 กะเช้า'!$B$8:$AH$106,27,FALSE),0) | R101: =IFERROR(VLOOKUP(B101,'วันที่ 4 กะเช้า'!$B$8:$AH$106,27,FALSE),0) | S101: =IFERROR(VLOOKUP(B101,'วันที่ 5 กะเช้า'!$B$8:$AH$107,28,FALSE),0)-IFERROR(VLOOKUP(B101,'วันที่ 5 กะเช้า'!$B$8:$AH$107,27,FALSE),0) | T101: =IFERROR(VLOOKUP(B101,'วันที่ 5 กะเช้า'!$B$8:$AH$107,27,FALSE),0) | U101: =IFERROR(VLOOKUP(B101,'วันที่ 5 กะดึก'!$B$8:$AH$106,27,FALSE),0) | V101: =IFERROR(VLOOKUP(B101,'วันที่ 5 กะดึก'!$B$8:$AH$106,27,FALSE),0) | W101: =IFERROR(VLOOKUP(B101,'วันที่ 7'!$B$8:$AH$105,28,FALSE),0)-IFERROR(VLOOKUP(B101,'วันที่ 7'!$B$8:$AH$105,27,FALSE),0) | X101: =IFERROR(VLOOKUP(B101,'วันที่ 7'!$B$8:$AH$105,27,FALSE),0) | Y101: =IFERROR(VLOOKUP(B101,'วันที่ 8'!$B$8:$AH$109,28,FALSE),0)-IFERROR(VLOOKUP(B101,'วันที่ 8'!$B$8:$AH$109,27,FALSE),0) | Z101: =IFERROR(VLOOKUP(B101,'วันที่ 8'!$B$8:$AH$109,27,FALSE),0) | AA101: =IFERROR(VLOOKUP(B101,'กะเช้าวันที่ 12'!$B$8:$AC$102,28,FALSE),0)-IFERROR(VLOOKUP(B101,'กะเช้าวันที่ 12'!$B$8:$AC$102,27,FALSE),0) | AB101: =IFERROR(VLOOKUP(B101,'กะเช้าวันที่ 12'!$B$8:$AC$102,27,FALSE),0) | AC101: =IFERROR(VLOOKUP(B101,'กะเช้าวันที่ 14'!$B$8:$AC$104,28,FALSE),0)-IFERROR(VLOOKUP(B101,'กะเช้าวันที่ 14'!$B$8:$AC$104,27,FALSE),0) | AD101: =IFERROR(VLOOKUP(B101,'กะเช้าวันที่ 14'!$B$8:$AC$104,27,FALSE),0) | AE101: =IFERROR(VLOOKUP(B101,'กะดึกวันที่ 13'!$B$8:$AC$105,28,FALSE),0)-IFERROR(VLOOKUP(B101,'กะดึกวันที่ 13'!$B$8:$AC$105,27,FALSE),0) | AF101: =IFERROR(VLOOKUP(C101,'กะดึกวันที่ 13'!$B$8:$AC$105,27,FALSE),0) | AG101: =IFERROR(VLOOKUP(B101,'วันที่ 12'!$B$8:$AH$105,28,FALSE),0) | AH101: =IFERROR(VLOOKUP(B101,'วันที่ 14'!$B$8:$AH$106,28,FALSE),0) | AI101: =IFERROR(VLOOKUP(B101,'วันที่ 15'!$B$8:$AH$106,28,FALSE),0) | AJ101: =IFERROR(VLOOKUP(B101,'วันที่ 16'!$B$8:$AH$105,28,FALSE),0) | AK101: =IFERROR(VLOOKUP(B101,'วันที่ 17'!$B$8:$AH$105,28,FALSE),0) | AL101: =IFERROR(VLOOKUP(B101,'วันที่ 18'!$B$8:$AH$104,28,FALSE),0) | AM101: =IFERROR(VLOOKUP(B101,'วันที่ 19'!$B$8:$AH$106,28,FALSE),0) | AN101: =IFERROR(VLOOKUP(B101,'วันที่ 20'!$B$8:$AH$105,28,FALSE),0) | AO101: =IFERROR(VLOOKUP(B101,'วันที่ 21'!$B$8:$AH$106,28,FALSE),0) | AP101: =IFERROR(VLOOKUP(B101,'วันที่ 22'!$B$8:$AH$105,28,FALSE),0) | AQ101: =IFERROR(VLOOKUP(B101,'วันที่ 23'!$B$8:$AH$107,28,FALSE),0) | AR101: =IFERROR(VLOOKUP(B101,'วันที่ 24'!$B$8:$AH$104,28,FALSE),0) | AS101: =IFERROR(VLOOKUP(B101,'วันที่ 25'!$B$8:$AH$106,28,FALSE),0) | AT101: =IFERROR(VLOOKUP(B101,'วันที่ 26'!$B$8:$AH$105,28,FALSE),0) | AU101: =IFERROR(VLOOKUP(B101,'วันที่ 26'!$B$8:$AH$104,28,FALSE),0) | AV101: =IFERROR(VLOOKUP(B101,'วันที่ 30'!$B$8:$AH$107,28,FALSE),0) | AW101: =IFERROR(VLOOKUP(B101,'วันที่ 31'!$B$8:$AG$105,28,FALSE),0) | AX101: =SUM(E101:AW101)
C102: =IFERROR(VLOOKUP(B102,Members!B:C,2,FALSE),0) | D102: =IFERROR(VLOOKUP(B102,Members!$B:$H,7,FALSE),0) | E102: =IFERROR(VLOOKUP(B102,'วันที่ 1'!$B$8:$AH$103,28,FALSE),0) - IFERROR(VLOOKUP(B102,'วันที่ 1'!$B$8:$AH$103,27,FALSE),0) | F102: =IFERROR(VLOOKUP(C102,'วันที่ 1'!$B$8:$AH$103,27,FALSE),0) | G102: =IFERROR(VLOOKUP(B102,'วันที่ 1'!$B$8:$AH$103,28,FALSE),0)-IFERROR(VLOOKUP(B102,'วันที่ 1'!$B$8:$AH$103,27,FALSE),0) | H102: =IFERROR(VLOOKUP(B102,'วันที่ 1'!$B$8:$AH$103,27,FALSE),0) | I102: =IFERROR(VLOOKUP(B102,'วันที่ 2'!$B$8:$AF$106,28,FALSE),0)-IFERROR(VLOOKUP(B102,'วันที่ 2'!$B$8:$AF$106,27,FALSE),0) | J102: =IFERROR(VLOOKUP(B102,'วันที่ 2'!$B$8:$AF$106,27,FALSE),0) | K102: =IFERROR(VLOOKUP(B102,'วันที่ 3 กะเช้า'!$B$8:$AK$106,28,FALSE),0)-IFERROR(VLOOKUP(B102,'วันที่ 3 กะเช้า'!$B$8:$AK$106,27,FALSE),0) | L102: =IFERROR(VLOOKUP(B102,'วันที่ 3 กะเช้า'!$B$8:$AK$106,27,FALSE),0) | M102: =IFERROR(VLOOKUP(B102,'วันที่ 4 กะเช้า'!$B$8:$AG$107,28,FALSE),0)-IFERROR(VLOOKUP(B102,'วันที่ 4 กะเช้า'!$B$8:$AG$107,27,FALSE),0) | N102: =IFERROR(VLOOKUP(B102,'วันที่ 4 กะเช้า'!$B$8:$AG$107,27,FALSE),0) | O102: =IFERROR(VLOOKUP(B102,'วันที่ 4 กะเช้า'!$B$8:$AH$106,28,FALSE),0)-IFERROR(VLOOKUP(B102,'วันที่ 4 กะเช้า'!$B$8:$AH$106,27,FALSE),0) | P102: =IFERROR(VLOOKUP(B102,'วันที่ 4 กะเช้า'!$B$8:$AH$106,27,FALSE),0) | Q102: =IFERROR(VLOOKUP(B102,'วันที่ 4 กะเช้า'!$B$8:$AH$106,28,FALSE),0)-IFERROR(VLOOKUP(B102,'วันที่ 4 กะเช้า'!$B$8:$AH$106,27,FALSE),0) | R102: =IFERROR(VLOOKUP(B102,'วันที่ 4 กะเช้า'!$B$8:$AH$106,27,FALSE),0) | S102: =IFERROR(VLOOKUP(B102,'วันที่ 5 กะเช้า'!$B$8:$AH$107,28,FALSE),0)-IFERROR(VLOOKUP(B102,'วันที่ 5 กะเช้า'!$B$8:$AH$107,27,FALSE),0) | T102: =IFERROR(VLOOKUP(B102,'วันที่ 5 กะเช้า'!$B$8:$AH$107,27,FALSE),0) | U102: =IFERROR(VLOOKUP(B102,'วันที่ 5 กะดึก'!$B$8:$AH$106,27,FALSE),0) | V102: =IFERROR(VLOOKUP(B102,'วันที่ 5 กะดึก'!$B$8:$AH$106,27,FALSE),0) | W102: =IFERROR(VLOOKUP(B102,'วันที่ 7'!$B$8:$AH$105,28,FALSE),0)-IFERROR(VLOOKUP(B102,'วันที่ 7'!$B$8:$AH$105,27,FALSE),0) | X102: =IFERROR(VLOOKUP(B102,'วันที่ 7'!$B$8:$AH$105,27,FALSE),0) | Y102: =IFERROR(VLOOKUP(B102,'วันที่ 8'!$B$8:$AH$109,28,FALSE),0)-IFERROR(VLOOKUP(B102,'วันที่ 8'!$B$8:$AH$109,27,FALSE),0) | Z102: =IFERROR(VLOOKUP(B102,'วันที่ 8'!$B$8:$AH$109,27,FALSE),0) | AA102: =IFERROR(VLOOKUP(B102,'กะเช้าวันที่ 12'!$B$8:$AC$102,28,FALSE),0)-IFERROR(VLOOKUP(B102,'กะเช้าวันที่ 12'!$B$8:$AC$102,27,FALSE),0) | AB102: =IFERROR(VLOOKUP(B102,'กะเช้าวันที่ 12'!$B$8:$AC$102,27,FALSE),0) | AC102: =IFERROR(VLOOKUP(B102,'กะเช้าวันที่ 14'!$B$8:$AC$104,28,FALSE),0)-IFERROR(VLOOKUP(B102,'กะเช้าวันที่ 14'!$B$8:$AC$104,27,FALSE),0) | AD102: =IFERROR(VLOOKUP(B102,'กะเช้าวันที่ 14'!$B$8:$AC$104,27,FALSE),0) | AE102: =IFERROR(VLOOKUP(B102,'กะดึกวันที่ 13'!$B$8:$AC$105,28,FALSE),0)-IFERROR(VLOOKUP(B102,'กะดึกวันที่ 13'!$B$8:$AC$105,27,FALSE),0) | AF102: =IFERROR(VLOOKUP(C102,'กะดึกวันที่ 13'!$B$8:$AC$105,27,FALSE),0) | AG102: =IFERROR(VLOOKUP(B102,'วันที่ 12'!$B$8:$AH$105,28,FALSE),0) | AH102: =IFERROR(VLOOKUP(B102,'วันที่ 14'!$B$8:$AH$106,28,FALSE),0) | AI102: =IFERROR(VLOOKUP(B102,'วันที่ 15'!$B$8:$AH$106,28,FALSE),0) | AJ102: =IFERROR(VLOOKUP(B102,'วันที่ 16'!$B$8:$AH$105,28,FALSE),0) | AK102: =IFERROR(VLOOKUP(B102,'วันที่ 17'!$B$8:$AH$105,28,FALSE),0) | AL102: =IFERROR(VLOOKUP(B102,'วันที่ 18'!$B$8:$AH$104,28,FALSE),0) | AM102: =IFERROR(VLOOKUP(B102,'วันที่ 19'!$B$8:$AH$106,28,FALSE),0) | AN102: =IFERROR(VLOOKUP(B102,'วันที่ 20'!$B$8:$AH$105,28,FALSE),0) | AO102: =IFERROR(VLOOKUP(B102,'วันที่ 21'!$B$8:$AH$106,28,FALSE),0) | AP102: =IFERROR(VLOOKUP(B102,'วันที่ 22'!$B$8:$AH$105,28,FALSE),0) | AQ102: =IFERROR(VLOOKUP(B102,'วันที่ 23'!$B$8:$AH$107,28,FALSE),0) | AR102: =IFERROR(VLOOKUP(B102,'วันที่ 24'!$B$8:$AH$104,28,FALSE),0) | AS102: =IFERROR(VLOOKUP(B102,'วันที่ 25'!$B$8:$AH$106,28,FALSE),0) | AT102: =IFERROR(VLOOKUP(B102,'วันที่ 26'!$B$8:$AH$105,28,FALSE),0) | AU102: =IFERROR(VLOOKUP(B102,'วันที่ 26'!$B$8:$AH$104,28,FALSE),0) | AV102: =IFERROR(VLOOKUP(B102,'วันที่ 30'!$B$8:$AH$107,28,FALSE),0) | AW102: =IFERROR(VLOOKUP(B102,'วันที่ 31'!$B$8:$AG$105,28,FALSE),0) | AX102: =SUM(E102:AW102)
C103: =IFERROR(VLOOKUP(B103,Members!B:C,2,FALSE),0) | D103: =IFERROR(VLOOKUP(B103,Members!$B:$H,7,FALSE),0) | E103: =IFERROR(VLOOKUP(B103,'วันที่ 1'!$B$8:$AH$103,28,FALSE),0) - IFERROR(VLOOKUP(B103,'วันที่ 1'!$B$8:$AH$103,27,FALSE),0) | F103: =IFERROR(VLOOKUP(C103,'วันที่ 1'!$B$8:$AH$103,27,FALSE),0) | G103: =IFERROR(VLOOKUP(B103,'วันที่ 1'!$B$8:$AH$103,28,FALSE),0)-IFERROR(VLOOKUP(B103,'วันที่ 1'!$B$8:$AH$103,27,FALSE),0) | H103: =IFERROR(VLOOKUP(B103,'วันที่ 1'!$B$8:$AH$103,27,FALSE),0) | I103: =IFERROR(VLOOKUP(B103,'วันที่ 2'!$B$8:$AF$106,28,FALSE),0)-IFERROR(VLOOKUP(B103,'วันที่ 2'!$B$8:$AF$106,27,FALSE),0) | J103: =IFERROR(VLOOKUP(B103,'วันที่ 2'!$B$8:$AF$106,27,FALSE),0) | K103: =IFERROR(VLOOKUP(B103,'วันที่ 3 กะเช้า'!$B$8:$AK$106,28,FALSE),0)-IFERROR(VLOOKUP(B103,'วันที่ 3 กะเช้า'!$B$8:$AK$106,27,FALSE),0) | L103: =IFERROR(VLOOKUP(B103,'วันที่ 3 กะเช้า'!$B$8:$AK$106,27,FALSE),0) | M103: =IFERROR(VLOOKUP(B103,'วันที่ 4 กะเช้า'!$B$8:$AG$107,28,FALSE),0)-IFERROR(VLOOKUP(B103,'วันที่ 4 กะเช้า'!$B$8:$AG$107,27,FALSE),0) | N103: =IFERROR(VLOOKUP(B103,'วันที่ 4 กะเช้า'!$B$8:$AG$107,27,FALSE),0) | O103: =IFERROR(VLOOKUP(B103,'วันที่ 4 กะเช้า'!$B$8:$AH$106,28,FALSE),0)-IFERROR(VLOOKUP(B103,'วันที่ 4 กะเช้า'!$B$8:$AH$106,27,FALSE),0) | P103: =IFERROR(VLOOKUP(B103,'วันที่ 4 กะเช้า'!$B$8:$AH$106,27,FALSE),0) | Q103: =IFERROR(VLOOKUP(B103,'วันที่ 4 กะเช้า'!$B$8:$AH$106,28,FALSE),0)-IFERROR(VLOOKUP(B103,'วันที่ 4 กะเช้า'!$B$8:$AH$106,27,FALSE),0) | R103: =IFERROR(VLOOKUP(B103,'วันที่ 4 กะเช้า'!$B$8:$AH$106,27,FALSE),0) | S103: =IFERROR(VLOOKUP(B103,'วันที่ 5 กะเช้า'!$B$8:$AH$107,28,FALSE),0)-IFERROR(VLOOKUP(B103,'วันที่ 5 กะเช้า'!$B$8:$AH$107,27,FALSE),0) | T103: =IFERROR(VLOOKUP(B103,'วันที่ 5 กะเช้า'!$B$8:$AH$107,27,FALSE),0) | U103: =IFERROR(VLOOKUP(B103,'วันที่ 5 กะดึก'!$B$8:$AH$106,27,FALSE),0) | V103: =IFERROR(VLOOKUP(B103,'วันที่ 5 กะดึก'!$B$8:$AH$106,27,FALSE),0) | W103: =IFERROR(VLOOKUP(B103,'วันที่ 7'!$B$8:$AH$105,28,FALSE),0)-IFERROR(VLOOKUP(B103,'วันที่ 7'!$B$8:$AH$105,27,FALSE),0) | X103: =IFERROR(VLOOKUP(B103,'วันที่ 7'!$B$8:$AH$105,27,FALSE),0) | Y103: =IFERROR(VLOOKUP(B103,'วันที่ 8'!$B$8:$AH$109,28,FALSE),0)-IFERROR(VLOOKUP(B103,'วันที่ 8'!$B$8:$AH$109,27,FALSE),0) | Z103: =IFERROR(VLOOKUP(B103,'วันที่ 8'!$B$8:$AH$109,27,FALSE),0) | AA103: =IFERROR(VLOOKUP(B103,'กะเช้าวันที่ 12'!$B$8:$AC$102,28,FALSE),0)-IFERROR(VLOOKUP(B103,'กะเช้าวันที่ 12'!$B$8:$AC$102,27,FALSE),0) | AB103: =IFERROR(VLOOKUP(B103,'กะเช้าวันที่ 12'!$B$8:$AC$102,27,FALSE),0) | AC103: =IFERROR(VLOOKUP(B103,'กะเช้าวันที่ 14'!$B$8:$AC$104,28,FALSE),0)-IFERROR(VLOOKUP(B103,'กะเช้าวันที่ 14'!$B$8:$AC$104,27,FALSE),0) | AD103: =IFERROR(VLOOKUP(B103,'กะเช้าวันที่ 14'!$B$8:$AC$104,27,FALSE),0) | AE103: =IFERROR(VLOOKUP(B103,'กะดึกวันที่ 13'!$B$8:$AC$105,28,FALSE),0)-IFERROR(VLOOKUP(B103,'กะดึกวันที่ 13'!$B$8:$AC$105,27,FALSE),0) | AF103: =IFERROR(VLOOKUP(C103,'กะดึกวันที่ 13'!$B$8:$AC$105,27,FALSE),0) | AG103: =IFERROR(VLOOKUP(B103,'วันที่ 12'!$B$8:$AH$105,28,FALSE),0) | AH103: =IFERROR(VLOOKUP(B103,'วันที่ 14'!$B$8:$AH$106,28,FALSE),0) | AI103: =IFERROR(VLOOKUP(B103,'วันที่ 15'!$B$8:$AH$106,28,FALSE),0) | AJ103: =IFERROR(VLOOKUP(B103,'วันที่ 16'!$B$8:$AH$105,28,FALSE),0) | AK103: =IFERROR(VLOOKUP(B103,'วันที่ 17'!$B$8:$AH$105,28,FALSE),0) | AL103: =IFERROR(VLOOKUP(B103,'วันที่ 18'!$B$8:$AH$104,28,FALSE),0) | AM103: =IFERROR(VLOOKUP(B103,'วันที่ 19'!$B$8:$AH$106,28,FALSE),0) | AN103: =IFERROR(VLOOKUP(B103,'วันที่ 20'!$B$8:$AH$105,28,FALSE),0) | AO103: =IFERROR(VLOOKUP(B103,'วันที่ 21'!$B$8:$AH$106,28,FALSE),0) | AP103: =IFERROR(VLOOKUP(B103,'วันที่ 22'!$B$8:$AH$105,28,FALSE),0) | AQ103: =IFERROR(VLOOKUP(B103,'วันที่ 23'!$B$8:$AH$107,28,FALSE),0) | AR103: =IFERROR(VLOOKUP(B103,'วันที่ 24'!$B$8:$AH$104,28,FALSE),0) | AS103: =IFERROR(VLOOKUP(B103,'วันที่ 25'!$B$8:$AH$106,28,FALSE),0) | AT103: =IFERROR(VLOOKUP(B103,'วันที่ 26'!$B$8:$AH$105,28,FALSE),0) | AU103: =IFERROR(VLOOKUP(B103,'วันที่ 26'!$B$8:$AH$104,28,FALSE),0) | AV103: =IFERROR(VLOOKUP(B103,'วันที่ 30'!$B$8:$AH$107,28,FALSE),0) | AW103: =IFERROR(VLOOKUP(B103,'วันที่ 31'!$B$8:$AG$105,28,FALSE),0) | AX103: =SUM(E103:AW103)
C104: =IFERROR(VLOOKUP(B104,Members!B:C,2,FALSE),0) | D104: =IFERROR(VLOOKUP(B104,Members!$B:$H,7,FALSE),0) | E104: =IFERROR(VLOOKUP(B104,'วันที่ 1'!$B$8:$AH$103,28,FALSE),0) - IFERROR(VLOOKUP(B104,'วันที่ 1'!$B$8:$AH$103,27,FALSE),0) | F104: =IFERROR(VLOOKUP(C104,'วันที่ 1'!$B$8:$AH$103,27,FALSE),0) | G104: =IFERROR(VLOOKUP(B104,'วันที่ 1'!$B$8:$AH$103,28,FALSE),0)-IFERROR(VLOOKUP(B104,'วันที่ 1'!$B$8:$AH$103,27,FALSE),0) | H104: =IFERROR(VLOOKUP(B104,'วันที่ 1'!$B$8:$AH$103,27,FALSE),0) | I104: =IFERROR(VLOOKUP(B104,'วันที่ 2'!$B$8:$AF$106,28,FALSE),0)-IFERROR(VLOOKUP(B104,'วันที่ 2'!$B$8:$AF$106,27,FALSE),0) | J104: =IFERROR(VLOOKUP(B104,'วันที่ 2'!$B$8:$AF$106,27,FALSE),0) | K104: =IFERROR(VLOOKUP(B104,'วันที่ 3 กะเช้า'!$B$8:$AK$106,28,FALSE),0)-IFERROR(VLOOKUP(B104,'วันที่ 3 กะเช้า'!$B$8:$AK$106,27,FALSE),0) | L104: =IFERROR(VLOOKUP(B104,'วันที่ 3 กะเช้า'!$B$8:$AK$106,27,FALSE),0) | M104: =IFERROR(VLOOKUP(B104,'วันที่ 4 กะเช้า'!$B$8:$AG$107,28,FALSE),0)-IFERROR(VLOOKUP(B104,'วันที่ 4 กะเช้า'!$B$8:$AG$107,27,FALSE),0) | N104: =IFERROR(VLOOKUP(B104,'วันที่ 4 กะเช้า'!$B$8:$AG$107,27,FALSE),0) | O104: =IFERROR(VLOOKUP(B104,'วันที่ 4 กะเช้า'!$B$8:$AH$106,28,FALSE),0)-IFERROR(VLOOKUP(B104,'วันที่ 4 กะเช้า'!$B$8:$AH$106,27,FALSE),0) | P104: =IFERROR(VLOOKUP(B104,'วันที่ 4 กะเช้า'!$B$8:$AH$106,27,FALSE),0) | Q104: =IFERROR(VLOOKUP(B104,'วันที่ 4 กะเช้า'!$B$8:$AH$106,28,FALSE),0)-IFERROR(VLOOKUP(B104,'วันที่ 4 กะเช้า'!$B$8:$AH$106,27,FALSE),0) | R104: =IFERROR(VLOOKUP(B104,'วันที่ 4 กะเช้า'!$B$8:$AH$106,27,FALSE),0) | S104: =IFERROR(VLOOKUP(B104,'วันที่ 5 กะเช้า'!$B$8:$AH$107,28,FALSE),0)-IFERROR(VLOOKUP(B104,'วันที่ 5 กะเช้า'!$B$8:$AH$107,27,FALSE),0) | T104: =IFERROR(VLOOKUP(B104,'วันที่ 5 กะเช้า'!$B$8:$AH$107,27,FALSE),0) | U104: =IFERROR(VLOOKUP(B104,'วันที่ 5 กะดึก'!$B$8:$AH$106,27,FALSE),0) | V104: =IFERROR(VLOOKUP(B104,'วันที่ 5 กะดึก'!$B$8:$AH$106,27,FALSE),0) | W104: =IFERROR(VLOOKUP(B104,'วันที่ 7'!$B$8:$AH$105,28,FALSE),0)-IFERROR(VLOOKUP(B104,'วันที่ 7'!$B$8:$AH$105,27,FALSE),0) | X104: =IFERROR(VLOOKUP(B104,'วันที่ 7'!$B$8:$AH$105,27,FALSE),0) | Y104: =IFERROR(VLOOKUP(B104,'วันที่ 8'!$B$8:$AH$109,28,FALSE),0)-IFERROR(VLOOKUP(B104,'วันที่ 8'!$B$8:$AH$109,27,FALSE),0) | Z104: =IFERROR(VLOOKUP(B104,'วันที่ 8'!$B$8:$AH$109,27,FALSE),0) | AA104: =IFERROR(VLOOKUP(B104,'กะเช้าวันที่ 12'!$B$8:$AC$102,28,FALSE),0)-IFERROR(VLOOKUP(B104,'กะเช้าวันที่ 12'!$B$8:$AC$102,27,FALSE),0) | AB104: =IFERROR(VLOOKUP(B104,'กะเช้าวันที่ 12'!$B$8:$AC$102,27,FALSE),0) | AC104: =IFERROR(VLOOKUP(B104,'กะเช้าวันที่ 14'!$B$8:$AC$104,28,FALSE),0)-IFERROR(VLOOKUP(B104,'กะเช้าวันที่ 14'!$B$8:$AC$104,27,FALSE),0) | AD104: =IFERROR(VLOOKUP(B104,'กะเช้าวันที่ 14'!$B$8:$AC$104,27,FALSE),0) | AE104: =IFERROR(VLOOKUP(B104,'กะดึกวันที่ 13'!$B$8:$AC$105,28,FALSE),0)-IFERROR(VLOOKUP(B104,'กะดึกวันที่ 13'!$B$8:$AC$105,27,FALSE),0) | AF104: =IFERROR(VLOOKUP(C104,'กะดึกวันที่ 13'!$B$8:$AC$105,27,FALSE),0) | AG104: =IFERROR(VLOOKUP(B104,'วันที่ 12'!$B$8:$AH$105,28,FALSE),0) | AH104: =IFERROR(VLOOKUP(B104,'วันที่ 14'!$B$8:$AH$106,28,FALSE),0) | AI104: =IFERROR(VLOOKUP(B104,'วันที่ 15'!$B$8:$AH$106,28,FALSE),0) | AJ104: =IFERROR(VLOOKUP(B104,'วันที่ 16'!$B$8:$AH$105,28,FALSE),0) | AK104: =IFERROR(VLOOKUP(B104,'วันที่ 17'!$B$8:$AH$105,28,FALSE),0) | AL104: =IFERROR(VLOOKUP(B104,'วันที่ 18'!$B$8:$AH$104,28,FALSE),0) | AM104: =IFERROR(VLOOKUP(B104,'วันที่ 19'!$B$8:$AH$106,28,FALSE),0) | AN104: =IFERROR(VLOOKUP(B104,'วันที่ 20'!$B$8:$AH$105,28,FALSE),0) | AO104: =IFERROR(VLOOKUP(B104,'วันที่ 21'!$B$8:$AH$106,28,FALSE),0) | AP104: =IFERROR(VLOOKUP(B104,'วันที่ 22'!$B$8:$AH$105,28,FALSE),0) | AQ104: =IFERROR(VLOOKUP(B104,'วันที่ 23'!$B$8:$AH$107,28,FALSE),0) | AR104: =IFERROR(VLOOKUP(B104,'วันที่ 24'!$B$8:$AH$104,28,FALSE),0) | AS104: =IFERROR(VLOOKUP(B104,'วันที่ 25'!$B$8:$AH$106,28,FALSE),0) | AT104: =IFERROR(VLOOKUP(B104,'วันที่ 26'!$B$8:$AH$105,28,FALSE),0) | AU104: =IFERROR(VLOOKUP(B104,'วันที่ 26'!$B$8:$AH$104,28,FALSE),0) | AV104: =IFERROR(VLOOKUP(B104,'วันที่ 30'!$B$8:$AH$107,28,FALSE),0) | AW104: =IFERROR(VLOOKUP(B104,'วันที่ 31'!$B$8:$AG$105,28,FALSE),0) | AX104: =SUM(E104:AW104)
C105: =IFERROR(VLOOKUP(B105,Members!B:C,2,FALSE),0) | D105: =IFERROR(VLOOKUP(B105,Members!$B:$H,7,FALSE),0) | E105: =IFERROR(VLOOKUP(B105,'วันที่ 1'!$B$8:$AH$103,28,FALSE),0) - IFERROR(VLOOKUP(B105,'วันที่ 1'!$B$8:$AH$103,27,FALSE),0) | F105: =IFERROR(VLOOKUP(C105,'วันที่ 1'!$B$8:$AH$103,27,FALSE),0) | G105: =IFERROR(VLOOKUP(B105,'วันที่ 1'!$B$8:$AH$103,28,FALSE),0)-IFERROR(VLOOKUP(B105,'วันที่ 1'!$B$8:$AH$103,27,FALSE),0) | H105: =IFERROR(VLOOKUP(B105,'วันที่ 1'!$B$8:$AH$103,27,FALSE),0) | I105: =IFERROR(VLOOKUP(B105,'วันที่ 2'!$B$8:$AF$106,28,FALSE),0)-IFERROR(VLOOKUP(B105,'วันที่ 2'!$B$8:$AF$106,27,FALSE),0) | J105: =IFERROR(VLOOKUP(B105,'วันที่ 2'!$B$8:$AF$106,27,FALSE),0) | K105: =IFERROR(VLOOKUP(B105,'วันที่ 3 กะเช้า'!$B$8:$AK$106,28,FALSE),0)-IFERROR(VLOOKUP(B105,'วันที่ 3 กะเช้า'!$B$8:$AK$106,27,FALSE),0) | L105: =IFERROR(VLOOKUP(B105,'วันที่ 3 กะเช้า'!$B$8:$AK$106,27,FALSE),0) | M105: =IFERROR(VLOOKUP(B105,'วันที่ 4 กะเช้า'!$B$8:$AG$107,28,FALSE),0)-IFERROR(VLOOKUP(B105,'วันที่ 4 กะเช้า'!$B$8:$AG$107,27,FALSE),0) | N105: =IFERROR(VLOOKUP(B105,'วันที่ 4 กะเช้า'!$B$8:$AG$107,27,FALSE),0) | O105: =IFERROR(VLOOKUP(B105,'วันที่ 4 กะเช้า'!$B$8:$AH$106,28,FALSE),0)-IFERROR(VLOOKUP(B105,'วันที่ 4 กะเช้า'!$B$8:$AH$106,27,FALSE),0) | P105: =IFERROR(VLOOKUP(B105,'วันที่ 4 กะเช้า'!$B$8:$AH$106,27,FALSE),0) | Q105: =IFERROR(VLOOKUP(B105,'วันที่ 4 กะเช้า'!$B$8:$AH$106,28,FALSE),0)-IFERROR(VLOOKUP(B105,'วันที่ 4 กะเช้า'!$B$8:$AH$106,27,FALSE),0) | R105: =IFERROR(VLOOKUP(B105,'วันที่ 4 กะเช้า'!$B$8:$AH$106,27,FALSE),0) | S105: =IFERROR(VLOOKUP(B105,'วันที่ 5 กะเช้า'!$B$8:$AH$107,28,FALSE),0)-IFERROR(VLOOKUP(B105,'วันที่ 5 กะเช้า'!$B$8:$AH$107,27,FALSE),0) | T105: =IFERROR(VLOOKUP(B105,'วันที่ 5 กะเช้า'!$B$8:$AH$107,27,FALSE),0) | U105: =IFERROR(VLOOKUP(B105,'วันที่ 5 กะดึก'!$B$8:$AH$106,27,FALSE),0) | V105: =IFERROR(VLOOKUP(B105,'วันที่ 5 กะดึก'!$B$8:$AH$106,27,FALSE),0) | W105: =IFERROR(VLOOKUP(B105,'วันที่ 7'!$B$8:$AH$105,28,FALSE),0)-IFERROR(VLOOKUP(B105,'วันที่ 7'!$B$8:$AH$105,27,FALSE),0) | X105: =IFERROR(VLOOKUP(B105,'วันที่ 7'!$B$8:$AH$105,27,FALSE),0) | Y105: =IFERROR(VLOOKUP(B105,'วันที่ 8'!$B$8:$AH$109,28,FALSE),0)-IFERROR(VLOOKUP(B105,'วันที่ 8'!$B$8:$AH$109,27,FALSE),0) | Z105: =IFERROR(VLOOKUP(B105,'วันที่ 8'!$B$8:$AH$109,27,FALSE),0) | AA105: =IFERROR(VLOOKUP(B105,'กะเช้าวันที่ 12'!$B$8:$AC$102,28,FALSE),0)-IFERROR(VLOOKUP(B105,'กะเช้าวันที่ 12'!$B$8:$AC$102,27,FALSE),0) | AB105: =IFERROR(VLOOKUP(B105,'กะเช้าวันที่ 12'!$B$8:$AC$102,27,FALSE),0) | AC105: =IFERROR(VLOOKUP(B105,'กะเช้าวันที่ 14'!$B$8:$AC$104,28,FALSE),0)-IFERROR(VLOOKUP(B105,'กะเช้าวันที่ 14'!$B$8:$AC$104,27,FALSE),0) | AD105: =IFERROR(VLOOKUP(B105,'กะเช้าวันที่ 14'!$B$8:$AC$104,27,FALSE),0) | AE105: =IFERROR(VLOOKUP(B105,'กะดึกวันที่ 13'!$B$8:$AC$105,28,FALSE),0)-IFERROR(VLOOKUP(B105,'กะดึกวันที่ 13'!$B$8:$AC$105,27,FALSE),0) | AF105: =IFERROR(VLOOKUP(C105,'กะดึกวันที่ 13'!$B$8:$AC$105,27,FALSE),0) | AG105: =IFERROR(VLOOKUP(B105,'วันที่ 12'!$B$8:$AH$105,28,FALSE),0) | AH105: =IFERROR(VLOOKUP(B105,'วันที่ 14'!$B$8:$AH$106,28,FALSE),0) | AI105: =IFERROR(VLOOKUP(B105,'วันที่ 15'!$B$8:$AH$106,28,FALSE),0) | AJ105: =IFERROR(VLOOKUP(B105,'วันที่ 16'!$B$8:$AH$105,28,FALSE),0) | AK105: =IFERROR(VLOOKUP(B105,'วันที่ 17'!$B$8:$AH$105,28,FALSE),0) | AL105: =IFERROR(VLOOKUP(B105,'วันที่ 18'!$B$8:$AH$104,28,FALSE),0) | AM105: =IFERROR(VLOOKUP(B105,'วันที่ 19'!$B$8:$AH$106,28,FALSE),0) | AN105: =IFERROR(VLOOKUP(B105,'วันที่ 20'!$B$8:$AH$105,28,FALSE),0) | AO105: =IFERROR(VLOOKUP(B105,'วันที่ 21'!$B$8:$AH$106,28,FALSE),0) | AP105: =IFERROR(VLOOKUP(B105,'วันที่ 22'!$B$8:$AH$105,28,FALSE),0) | AQ105: =IFERROR(VLOOKUP(B105,'วันที่ 23'!$B$8:$AH$107,28,FALSE),0) | AR105: =IFERROR(VLOOKUP(B105,'วันที่ 24'!$B$8:$AH$104,28,FALSE),0) | AS105: =IFERROR(VLOOKUP(B105,'วันที่ 25'!$B$8:$AH$106,28,FALSE),0) | AT105: =IFERROR(VLOOKUP(B105,'วันที่ 26'!$B$8:$AH$105,28,FALSE),0) | AU105: =IFERROR(VLOOKUP(B105,'วันที่ 26'!$B$8:$AH$104,28,FALSE),0) | AV105: =IFERROR(VLOOKUP(B105,'วันที่ 30'!$B$8:$AH$107,28,FALSE),0) | AW105: =IFERROR(VLOOKUP(B105,'วันที่ 31'!$B$8:$AG$105,28,FALSE),0) | AX105: =SUM(E105:AW105)
C106: =IFERROR(VLOOKUP(B106,Members!B:C,2,FALSE),0) | D106: =IFERROR(VLOOKUP(B106,Members!$B:$H,7,FALSE),0) | E106: =IFERROR(VLOOKUP(B106,'วันที่ 1'!$B$8:$AH$103,28,FALSE),0) - IFERROR(VLOOKUP(B106,'วันที่ 1'!$B$8:$AH$103,27,FALSE),0) | F106: =IFERROR(VLOOKUP(C106,'วันที่ 1'!$B$8:$AH$103,27,FALSE),0) | G106: =IFERROR(VLOOKUP(B106,'วันที่ 1'!$B$8:$AH$103,28,FALSE),0)-IFERROR(VLOOKUP(B106,'วันที่ 1'!$B$8:$AH$103,27,FALSE),0) | H106: =IFERROR(VLOOKUP(B106,'วันที่ 1'!$B$8:$AH$103,27,FALSE),0) | I106: =IFERROR(VLOOKUP(B106,'วันที่ 2'!$B$8:$AF$106,28,FALSE),0)-IFERROR(VLOOKUP(B106,'วันที่ 2'!$B$8:$AF$106,27,FALSE),0) | J106: =IFERROR(VLOOKUP(B106,'วันที่ 2'!$B$8:$AF$106,27,FALSE),0) | K106: =IFERROR(VLOOKUP(B106,'วันที่ 3 กะเช้า'!$B$8:$AK$106,28,FALSE),0)-IFERROR(VLOOKUP(B106,'วันที่ 3 กะเช้า'!$B$8:$AK$106,27,FALSE),0) | L106: =IFERROR(VLOOKUP(B106,'วันที่ 3 กะเช้า'!$B$8:$AK$106,27,FALSE),0) | M106: =IFERROR(VLOOKUP(B106,'วันที่ 4 กะเช้า'!$B$8:$AG$107,28,FALSE),0)-IFERROR(VLOOKUP(B106,'วันที่ 4 กะเช้า'!$B$8:$AG$107,27,FALSE),0) | N106: =IFERROR(VLOOKUP(B106,'วันที่ 4 กะเช้า'!$B$8:$AG$107,27,FALSE),0) | O106: =IFERROR(VLOOKUP(B106,'วันที่ 4 กะเช้า'!$B$8:$AH$106,28,FALSE),0)-IFERROR(VLOOKUP(B106,'วันที่ 4 กะเช้า'!$B$8:$AH$106,27,FALSE),0) | P106: =IFERROR(VLOOKUP(B106,'วันที่ 4 กะเช้า'!$B$8:$AH$106,27,FALSE),0) | Q106: =IFERROR(VLOOKUP(B106,'วันที่ 4 กะเช้า'!$B$8:$AH$106,28,FALSE),0)-IFERROR(VLOOKUP(B106,'วันที่ 4 กะเช้า'!$B$8:$AH$106,27,FALSE),0) | R106: =IFERROR(VLOOKUP(B106,'วันที่ 4 กะเช้า'!$B$8:$AH$106,27,FALSE),0) | S106: =IFERROR(VLOOKUP(B106,'วันที่ 5 กะเช้า'!$B$8:$AH$107,28,FALSE),0)-IFERROR(VLOOKUP(B106,'วันที่ 5 กะเช้า'!$B$8:$AH$107,27,FALSE),0) | T106: =IFERROR(VLOOKUP(B106,'วันที่ 5 กะเช้า'!$B$8:$AH$107,27,FALSE),0) | U106: =IFERROR(VLOOKUP(B106,'วันที่ 5 กะดึก'!$B$8:$AH$106,27,FALSE),0) | V106: =IFERROR(VLOOKUP(B106,'วันที่ 5 กะดึก'!$B$8:$AH$106,27,FALSE),0) | W106: =IFERROR(VLOOKUP(B106,'วันที่ 7'!$B$8:$AH$105,28,FALSE),0)-IFERROR(VLOOKUP(B106,'วันที่ 7'!$B$8:$AH$105,27,FALSE),0) | X106: =IFERROR(VLOOKUP(B106,'วันที่ 7'!$B$8:$AH$105,27,FALSE),0) | Y106: =IFERROR(VLOOKUP(B106,'วันที่ 8'!$B$8:$AH$109,28,FALSE),0)-IFERROR(VLOOKUP(B106,'วันที่ 8'!$B$8:$AH$109,27,FALSE),0) | Z106: =IFERROR(VLOOKUP(B106,'วันที่ 8'!$B$8:$AH$109,27,FALSE),0) | AA106: =IFERROR(VLOOKUP(B106,'กะเช้าวันที่ 12'!$B$8:$AC$102,28,FALSE),0)-IFERROR(VLOOKUP(B106,'กะเช้าวันที่ 12'!$B$8:$AC$102,27,FALSE),0) | AB106: =IFERROR(VLOOKUP(B106,'กะเช้าวันที่ 12'!$B$8:$AC$102,27,FALSE),0) | AC106: =IFERROR(VLOOKUP(B106,'กะเช้าวันที่ 14'!$B$8:$AC$104,28,FALSE),0)-IFERROR(VLOOKUP(B106,'กะเช้าวันที่ 14'!$B$8:$AC$104,27,FALSE),0) | AD106: =IFERROR(VLOOKUP(B106,'กะเช้าวันที่ 14'!$B$8:$AC$104,27,FALSE),0) | AE106: =IFERROR(VLOOKUP(B106,'กะดึกวันที่ 13'!$B$8:$AC$105,28,FALSE),0)-IFERROR(VLOOKUP(B106,'กะดึกวันที่ 13'!$B$8:$AC$105,27,FALSE),0) | AF106: =IFERROR(VLOOKUP(C106,'กะดึกวันที่ 13'!$B$8:$AC$105,27,FALSE),0) | AG106: =IFERROR(VLOOKUP(B106,'วันที่ 12'!$B$8:$AH$105,28,FALSE),0) | AH106: =IFERROR(VLOOKUP(B106,'วันที่ 14'!$B$8:$AH$106,28,FALSE),0) | AI106: =IFERROR(VLOOKUP(B106,'วันที่ 15'!$B$8:$AH$106,28,FALSE),0) | AJ106: =IFERROR(VLOOKUP(B106,'วันที่ 16'!$B$8:$AH$105,28,FALSE),0) | AK106: =IFERROR(VLOOKUP(B106,'วันที่ 17'!$B$8:$AH$105,28,FALSE),0) | AL106: =IFERROR(VLOOKUP(B106,'วันที่ 18'!$B$8:$AH$104,28,FALSE),0) | AM106: =IFERROR(VLOOKUP(B106,'วันที่ 19'!$B$8:$AH$106,28,FALSE),0) | AN106: =IFERROR(VLOOKUP(B106,'วันที่ 20'!$B$8:$AH$105,28,FALSE),0) | AO106: =IFERROR(VLOOKUP(B106,'วันที่ 21'!$B$8:$AH$106,28,FALSE),0) | AP106: =IFERROR(VLOOKUP(B106,'วันที่ 22'!$B$8:$AH$105,28,FALSE),0) | AQ106: =IFERROR(VLOOKUP(B106,'วันที่ 23'!$B$8:$AH$107,28,FALSE),0) | AR106: =IFERROR(VLOOKUP(B106,'วันที่ 24'!$B$8:$AH$104,28,FALSE),0) | AS106: =IFERROR(VLOOKUP(B106,'วันที่ 25'!$B$8:$AH$106,28,FALSE),0) | AT106: =IFERROR(VLOOKUP(B106,'วันที่ 26'!$B$8:$AH$105,28,FALSE),0) | AU106: =IFERROR(VLOOKUP(B106,'วันที่ 26'!$B$8:$AH$104,28,FALSE),0) | AV106: =IFERROR(VLOOKUP(B106,'วันที่ 30'!$B$8:$AH$107,28,FALSE),0) | AW106: =IFERROR(VLOOKUP(B106,'วันที่ 31'!$B$8:$AG$105,28,FALSE),0) | AX106: =SUM(E106:AW106)
C107: =IFERROR(VLOOKUP(B107,Members!B:C,2,FALSE),0) | D107: =IFERROR(VLOOKUP(B107,Members!$B:$H,7,FALSE),0) | E107: =IFERROR(VLOOKUP(B107,'วันที่ 1'!$B$8:$AH$103,28,FALSE),0) - IFERROR(VLOOKUP(B107,'วันที่ 1'!$B$8:$AH$103,27,FALSE),0) | F107: =IFERROR(VLOOKUP(C107,'วันที่ 1'!$B$8:$AH$103,27,FALSE),0) | G107: =IFERROR(VLOOKUP(B107,'วันที่ 1'!$B$8:$AH$103,28,FALSE),0)-IFERROR(VLOOKUP(B107,'วันที่ 1'!$B$8:$AH$103,27,FALSE),0) | H107: =IFERROR(VLOOKUP(B107,'วันที่ 1'!$B$8:$AH$103,27,FALSE),0) | I107: =IFERROR(VLOOKUP(B107,'วันที่ 2'!$B$8:$AF$106,28,FALSE),0)-IFERROR(VLOOKUP(B107,'วันที่ 2'!$B$8:$AF$106,27,FALSE),0) | J107: =IFERROR(VLOOKUP(B107,'วันที่ 2'!$B$8:$AF$106,27,FALSE),0) | K107: =IFERROR(VLOOKUP(B107,'วันที่ 3 กะเช้า'!$B$8:$AK$106,28,FALSE),0)-IFERROR(VLOOKUP(B107,'วันที่ 3 กะเช้า'!$B$8:$AK$106,27,FALSE),0) | L107: =IFERROR(VLOOKUP(B107,'วันที่ 3 กะเช้า'!$B$8:$AK$106,27,FALSE),0) | M107: =IFERROR(VLOOKUP(B107,'วันที่ 4 กะเช้า'!$B$8:$AG$107,28,FALSE),0)-IFERROR(VLOOKUP(B107,'วันที่ 4 กะเช้า'!$B$8:$AG$107,27,FALSE),0) | N107: =IFERROR(VLOOKUP(B107,'วันที่ 4 กะเช้า'!$B$8:$AG$107,27,FALSE),0) | O107: =IFERROR(VLOOKUP(B107,'วันที่ 4 กะเช้า'!$B$8:$AH$106,28,FALSE),0)-IFERROR(VLOOKUP(B107,'วันที่ 4 กะเช้า'!$B$8:$AH$106,27,FALSE),0) | P107: =IFERROR(VLOOKUP(B107,'วันที่ 4 กะเช้า'!$B$8:$AH$106,27,FALSE),0) | Q107: =IFERROR(VLOOKUP(B107,'วันที่ 4 กะเช้า'!$B$8:$AH$106,28,FALSE),0)-IFERROR(VLOOKUP(B107,'วันที่ 4 กะเช้า'!$B$8:$AH$106,27,FALSE),0) | R107: =IFERROR(VLOOKUP(B107,'วันที่ 4 กะเช้า'!$B$8:$AH$106,27,FALSE),0) | S107: =IFERROR(VLOOKUP(B107,'วันที่ 5 กะเช้า'!$B$8:$AH$107,28,FALSE),0)-IFERROR(VLOOKUP(B107,'วันที่ 5 กะเช้า'!$B$8:$AH$107,27,FALSE),0) | T107: =IFERROR(VLOOKUP(B107,'วันที่ 5 กะเช้า'!$B$8:$AH$107,27,FALSE),0) | U107: =IFERROR(VLOOKUP(B107,'วันที่ 5 กะดึก'!$B$8:$AH$106,27,FALSE),0) | V107: =IFERROR(VLOOKUP(B107,'วันที่ 5 กะดึก'!$B$8:$AH$106,27,FALSE),0) | W107: =IFERROR(VLOOKUP(B107,'วันที่ 7'!$B$8:$AH$105,28,FALSE),0)-IFERROR(VLOOKUP(B107,'วันที่ 7'!$B$8:$AH$105,27,FALSE),0) | X107: =IFERROR(VLOOKUP(B107,'วันที่ 7'!$B$8:$AH$105,27,FALSE),0) | Y107: =IFERROR(VLOOKUP(B107,'วันที่ 8'!$B$8:$AH$109,28,FALSE),0)-IFERROR(VLOOKUP(B107,'วันที่ 8'!$B$8:$AH$109,27,FALSE),0) | Z107: =IFERROR(VLOOKUP(B107,'วันที่ 8'!$B$8:$AH$109,27,FALSE),0) | AA107: =IFERROR(VLOOKUP(B107,'กะเช้าวันที่ 12'!$B$8:$AC$102,28,FALSE),0)-IFERROR(VLOOKUP(B107,'กะเช้าวันที่ 12'!$B$8:$AC$102,27,FALSE),0) | AB107: =IFERROR(VLOOKUP(B107,'กะเช้าวันที่ 12'!$B$8:$AC$102,27,FALSE),0) | AC107: =IFERROR(VLOOKUP(B107,'กะเช้าวันที่ 14'!$B$8:$AC$104,28,FALSE),0)-IFERROR(VLOOKUP(B107,'กะเช้าวันที่ 14'!$B$8:$AC$104,27,FALSE),0) | AD107: =IFERROR(VLOOKUP(B107,'กะเช้าวันที่ 14'!$B$8:$AC$104,27,FALSE),0) | AE107: =IFERROR(VLOOKUP(B107,'กะดึกวันที่ 13'!$B$8:$AC$105,28,FALSE),0)-IFERROR(VLOOKUP(B107,'กะดึกวันที่ 13'!$B$8:$AC$105,27,FALSE),0) | AF107: =IFERROR(VLOOKUP(C107,'กะดึกวันที่ 13'!$B$8:$AC$105,27,FALSE),0) | AG107: =IFERROR(VLOOKUP(B107,'วันที่ 12'!$B$8:$AH$105,28,FALSE),0) | AH107: =IFERROR(VLOOKUP(B107,'วันที่ 14'!$B$8:$AH$106,28,FALSE),0) | AI107: =IFERROR(VLOOKUP(B107,'วันที่ 15'!$B$8:$AH$106,28,FALSE),0) | AJ107: =IFERROR(VLOOKUP(B107,'วันที่ 16'!$B$8:$AH$105,28,FALSE),0) | AK107: =IFERROR(VLOOKUP(B107,'วันที่ 17'!$B$8:$AH$105,28,FALSE),0) | AL107: =IFERROR(VLOOKUP(B107,'วันที่ 18'!$B$8:$AH$104,28,FALSE),0) | AM107: =IFERROR(VLOOKUP(B107,'วันที่ 19'!$B$8:$AH$106,28,FALSE),0) | AN107: =IFERROR(VLOOKUP(B107,'วันที่ 20'!$B$8:$AH$105,28,FALSE),0) | AO107: =IFERROR(VLOOKUP(B107,'วันที่ 21'!$B$8:$AH$106,28,FALSE),0) | AP107: =IFERROR(VLOOKUP(B107,'วันที่ 22'!$B$8:$AH$105,28,FALSE),0) | AQ107: =IFERROR(VLOOKUP(B107,'วันที่ 23'!$B$8:$AH$107,28,FALSE),0) | AR107: =IFERROR(VLOOKUP(B107,'วันที่ 24'!$B$8:$AH$104,28,FALSE),0) | AS107: =IFERROR(VLOOKUP(B107,'วันที่ 25'!$B$8:$AH$106,28,FALSE),0) | AT107: =IFERROR(VLOOKUP(B107,'วันที่ 26'!$B$8:$AH$105,28,FALSE),0) | AU107: =IFERROR(VLOOKUP(B107,'วันที่ 26'!$B$8:$AH$104,28,FALSE),0) | AV107: =IFERROR(VLOOKUP(B107,'วันที่ 30'!$B$8:$AH$107,28,FALSE),0) | AW107: =IFERROR(VLOOKUP(B107,'วันที่ 31'!$B$8:$AG$105,28,FALSE),0) | AX107: =SUM(E107:AW107)
C108: =IFERROR(VLOOKUP(B108,Members!B:C,2,FALSE),0) | D108: =IFERROR(VLOOKUP(B108,Members!$B:$H,7,FALSE),0) | E108: =IFERROR(VLOOKUP(B108,'วันที่ 1'!$B$8:$AH$103,28,FALSE),0) - IFERROR(VLOOKUP(B108,'วันที่ 1'!$B$8:$AH$103,27,FALSE),0) | F108: =IFERROR(VLOOKUP(C108,'วันที่ 1'!$B$8:$AH$103,27,FALSE),0) | G108: =IFERROR(VLOOKUP(B108,'วันที่ 1'!$B$8:$AH$103,28,FALSE),0)-IFERROR(VLOOKUP(B108,'วันที่ 1'!$B$8:$AH$103,27,FALSE),0) | H108: =IFERROR(VLOOKUP(B108,'วันที่ 1'!$B$8:$AH$103,27,FALSE),0) | I108: =IFERROR(VLOOKUP(B108,'วันที่ 2'!$B$8:$AF$106,28,FALSE),0)-IFERROR(VLOOKUP(B108,'วันที่ 2'!$B$8:$AF$106,27,FALSE),0) | J108: =IFERROR(VLOOKUP(B108,'วันที่ 2'!$B$8:$AF$106,27,FALSE),0) | K108: =IFERROR(VLOOKUP(B108,'วันที่ 3 กะเช้า'!$B$8:$AK$106,28,FALSE),0)-IFERROR(VLOOKUP(B108,'วันที่ 3 กะเช้า'!$B$8:$AK$106,27,FALSE),0) | L108: =IFERROR(VLOOKUP(B108,'วันที่ 3 กะเช้า'!$B$8:$AK$106,27,FALSE),0) | M108: =IFERROR(VLOOKUP(B108,'วันที่ 4 กะเช้า'!$B$8:$AG$107,28,FALSE),0)-IFERROR(VLOOKUP(B108,'วันที่ 4 กะเช้า'!$B$8:$AG$107,27,FALSE),0) | N108: =IFERROR(VLOOKUP(B108,'วันที่ 4 กะเช้า'!$B$8:$AG$107,27,FALSE),0) | O108: =IFERROR(VLOOKUP(B108,'วันที่ 4 กะเช้า'!$B$8:$AH$106,28,FALSE),0)-IFERROR(VLOOKUP(B108,'วันที่ 4 กะเช้า'!$B$8:$AH$106,27,FALSE),0) | P108: =IFERROR(VLOOKUP(B108,'วันที่ 4 กะเช้า'!$B$8:$AH$106,27,FALSE),0) | Q108: =IFERROR(VLOOKUP(B108,'วันที่ 4 กะเช้า'!$B$8:$AH$106,28,FALSE),0)-IFERROR(VLOOKUP(B108,'วันที่ 4 กะเช้า'!$B$8:$AH$106,27,FALSE),0) | R108: =IFERROR(VLOOKUP(B108,'วันที่ 4 กะเช้า'!$B$8:$AH$106,27,FALSE),0) | S108: =IFERROR(VLOOKUP(B108,'วันที่ 5 กะเช้า'!$B$8:$AH$107,28,FALSE),0)-IFERROR(VLOOKUP(B108,'วันที่ 5 กะเช้า'!$B$8:$AH$107,27,FALSE),0) | T108: =IFERROR(VLOOKUP(B108,'วันที่ 5 กะเช้า'!$B$8:$AH$107,27,FALSE),0) | U108: =IFERROR(VLOOKUP(B108,'วันที่ 5 กะดึก'!$B$8:$AH$106,27,FALSE),0) | V108: =IFERROR(VLOOKUP(B108,'วันที่ 5 กะดึก'!$B$8:$AH$106,27,FALSE),0) | W108: =IFERROR(VLOOKUP(B108,'วันที่ 7'!$B$8:$AH$105,28,FALSE),0)-IFERROR(VLOOKUP(B108,'วันที่ 7'!$B$8:$AH$105,27,FALSE),0) | X108: =IFERROR(VLOOKUP(B108,'วันที่ 7'!$B$8:$AH$105,27,FALSE),0) | Y108: =IFERROR(VLOOKUP(B108,'วันที่ 8'!$B$8:$AH$109,28,FALSE),0)-IFERROR(VLOOKUP(B108,'วันที่ 8'!$B$8:$AH$109,27,FALSE),0) | Z108: =IFERROR(VLOOKUP(B108,'วันที่ 8'!$B$8:$AH$109,27,FALSE),0) | AA108: =IFERROR(VLOOKUP(B108,'กะเช้าวันที่ 12'!$B$8:$AC$102,28,FALSE),0)-IFERROR(VLOOKUP(B108,'กะเช้าวันที่ 12'!$B$8:$AC$102,27,FALSE),0) | AB108: =IFERROR(VLOOKUP(B108,'กะเช้าวันที่ 12'!$B$8:$AC$102,27,FALSE),0) | AC108: =IFERROR(VLOOKUP(B108,'กะเช้าวันที่ 14'!$B$8:$AC$104,28,FALSE),0)-IFERROR(VLOOKUP(B108,'กะเช้าวันที่ 14'!$B$8:$AC$104,27,FALSE),0) | AD108: =IFERROR(VLOOKUP(B108,'กะเช้าวันที่ 14'!$B$8:$AC$104,27,FALSE),0) | AE108: =IFERROR(VLOOKUP(B108,'กะดึกวันที่ 13'!$B$8:$AC$105,28,FALSE),0)-IFERROR(VLOOKUP(B108,'กะดึกวันที่ 13'!$B$8:$AC$105,27,FALSE),0) | AF108: =IFERROR(VLOOKUP(C108,'กะดึกวันที่ 13'!$B$8:$AC$105,27,FALSE),0) | AG108: =IFERROR(VLOOKUP(B108,'วันที่ 12'!$B$8:$AH$105,28,FALSE),0) | AH108: =IFERROR(VLOOKUP(B108,'วันที่ 14'!$B$8:$AH$106,28,FALSE),0) | AI108: =IFERROR(VLOOKUP(B108,'วันที่ 15'!$B$8:$AH$106,28,FALSE),0) | AJ108: =IFERROR(VLOOKUP(B108,'วันที่ 16'!$B$8:$AH$105,28,FALSE),0) | AK108: =IFERROR(VLOOKUP(B108,'วันที่ 17'!$B$8:$AH$105,28,FALSE),0) | AL108: =IFERROR(VLOOKUP(B108,'วันที่ 18'!$B$8:$AH$104,28,FALSE),0) | AM108: =IFERROR(VLOOKUP(B108,'วันที่ 19'!$B$8:$AH$106,28,FALSE),0) | AN108: =IFERROR(VLOOKUP(B108,'วันที่ 20'!$B$8:$AH$105,28,FALSE),0) | AO108: =IFERROR(VLOOKUP(B108,'วันที่ 21'!$B$8:$AH$106,28,FALSE),0) | AP108: =IFERROR(VLOOKUP(B108,'วันที่ 22'!$B$8:$AH$105,28,FALSE),0) | AQ108: =IFERROR(VLOOKUP(B108,'วันที่ 23'!$B$8:$AH$107,28,FALSE),0) | AR108: =IFERROR(VLOOKUP(B108,'วันที่ 24'!$B$8:$AH$104,28,FALSE),0) | AS108: =IFERROR(VLOOKUP(B108,'วันที่ 25'!$B$8:$AH$106,28,FALSE),0) | AT108: =IFERROR(VLOOKUP(B108,'วันที่ 26'!$B$8:$AH$105,28,FALSE),0) | AU108: =IFERROR(VLOOKUP(B108,'วันที่ 26'!$B$8:$AH$104,28,FALSE),0) | AV108: =IFERROR(VLOOKUP(B108,'วันที่ 30'!$B$8:$AH$107,28,FALSE),0) | AW108: =IFERROR(VLOOKUP(B108,'วันที่ 31'!$B$8:$AG$105,28,FALSE),0) | AX108: =SUM(E108:AW108)
C109: =IFERROR(VLOOKUP(B109,Members!B:C,2,FALSE),0) | D109: =IFERROR(VLOOKUP(B109,Members!$B:$H,7,FALSE),0) | E109: =IFERROR(VLOOKUP(B109,'วันที่ 1'!$B$8:$AH$103,28,FALSE),0) - IFERROR(VLOOKUP(B109,'วันที่ 1'!$B$8:$AH$103,27,FALSE),0) | F109: =IFERROR(VLOOKUP(C109,'วันที่ 1'!$B$8:$AH$103,27,FALSE),0) | G109: =IFERROR(VLOOKUP(B109,'วันที่ 1'!$B$8:$AH$103,28,FALSE),0)-IFERROR(VLOOKUP(B109,'วันที่ 1'!$B$8:$AH$103,27,FALSE),0) | H109: =IFERROR(VLOOKUP(B109,'วันที่ 1'!$B$8:$AH$103,27,FALSE),0) | I109: =IFERROR(VLOOKUP(B109,'วันที่ 2'!$B$8:$AF$106,28,FALSE),0)-IFERROR(VLOOKUP(B109,'วันที่ 2'!$B$8:$AF$106,27,FALSE),0) | J109: =IFERROR(VLOOKUP(B109,'วันที่ 2'!$B$8:$AF$106,27,FALSE),0) | K109: =IFERROR(VLOOKUP(B109,'วันที่ 3 กะเช้า'!$B$8:$AK$106,28,FALSE),0)-IFERROR(VLOOKUP(B109,'วันที่ 3 กะเช้า'!$B$8:$AK$106,27,FALSE),0) | L109: =IFERROR(VLOOKUP(B109,'วันที่ 3 กะเช้า'!$B$8:$AK$106,27,FALSE),0) | M109: =IFERROR(VLOOKUP(B109,'วันที่ 4 กะเช้า'!$B$8:$AG$107,28,FALSE),0)-IFERROR(VLOOKUP(B109,'วันที่ 4 กะเช้า'!$B$8:$AG$107,27,FALSE),0) | N109: =IFERROR(VLOOKUP(B109,'วันที่ 4 กะเช้า'!$B$8:$AG$107,27,FALSE),0) | O109: =IFERROR(VLOOKUP(B109,'วันที่ 4 กะเช้า'!$B$8:$AH$106,28,FALSE),0)-IFERROR(VLOOKUP(B109,'วันที่ 4 กะเช้า'!$B$8:$AH$106,27,FALSE),0) | P109: =IFERROR(VLOOKUP(B109,'วันที่ 4 กะเช้า'!$B$8:$AH$106,27,FALSE),0) | Q109: =IFERROR(VLOOKUP(B109,'วันที่ 4 กะเช้า'!$B$8:$AH$106,28,FALSE),0)-IFERROR(VLOOKUP(B109,'วันที่ 4 กะเช้า'!$B$8:$AH$106,27,FALSE),0) | R109: =IFERROR(VLOOKUP(B109,'วันที่ 4 กะเช้า'!$B$8:$AH$106,27,FALSE),0) | S109: =IFERROR(VLOOKUP(B109,'วันที่ 5 กะเช้า'!$B$8:$AH$107,28,FALSE),0)-IFERROR(VLOOKUP(B109,'วันที่ 5 กะเช้า'!$B$8:$AH$107,27,FALSE),0) | T109: =IFERROR(VLOOKUP(B109,'วันที่ 5 กะเช้า'!$B$8:$AH$107,27,FALSE),0) | U109: =IFERROR(VLOOKUP(B109,'วันที่ 5 กะดึก'!$B$8:$AH$106,27,FALSE),0) | V109: =IFERROR(VLOOKUP(B109,'วันที่ 5 กะดึก'!$B$8:$AH$106,27,FALSE),0) | W109: =IFERROR(VLOOKUP(B109,'วันที่ 7'!$B$8:$AH$105,28,FALSE),0)-IFERROR(VLOOKUP(B109,'วันที่ 7'!$B$8:$AH$105,27,FALSE),0) | X109: =IFERROR(VLOOKUP(B109,'วันที่ 7'!$B$8:$AH$105,27,FALSE),0) | Y109: =IFERROR(VLOOKUP(B109,'วันที่ 8'!$B$8:$AH$109,28,FALSE),0)-IFERROR(VLOOKUP(B109,'วันที่ 8'!$B$8:$AH$109,27,FALSE),0) | Z109: =IFERROR(VLOOKUP(B109,'วันที่ 8'!$B$8:$AH$109,27,FALSE),0) | AA109: =IFERROR(VLOOKUP(B109,'กะเช้าวันที่ 12'!$B$8:$AC$102,28,FALSE),0)-IFERROR(VLOOKUP(B109,'กะเช้าวันที่ 12'!$B$8:$AC$102,27,FALSE),0) | AB109: =IFERROR(VLOOKUP(B109,'กะเช้าวันที่ 12'!$B$8:$AC$102,27,FALSE),0) | AC109: =IFERROR(VLOOKUP(B109,'กะเช้าวันที่ 14'!$B$8:$AC$104,28,FALSE),0)-IFERROR(VLOOKUP(B109,'กะเช้าวันที่ 14'!$B$8:$AC$104,27,FALSE),0) | AD109: =IFERROR(VLOOKUP(B109,'กะเช้าวันที่ 14'!$B$8:$AC$104,27,FALSE),0) | AE109: =IFERROR(VLOOKUP(B109,'กะดึกวันที่ 13'!$B$8:$AC$105,28,FALSE),0)-IFERROR(VLOOKUP(B109,'กะดึกวันที่ 13'!$B$8:$AC$105,27,FALSE),0) | AF109: =IFERROR(VLOOKUP(C109,'กะดึกวันที่ 13'!$B$8:$AC$105,27,FALSE),0) | AG109: =IFERROR(VLOOKUP(B109,'วันที่ 12'!$B$8:$AH$105,28,FALSE),0) | AH109: =IFERROR(VLOOKUP(B109,'วันที่ 14'!$B$8:$AH$106,28,FALSE),0) | AI109: =IFERROR(VLOOKUP(B109,'วันที่ 15'!$B$8:$AH$106,28,FALSE),0) | AJ109: =IFERROR(VLOOKUP(B109,'วันที่ 16'!$B$8:$AH$105,28,FALSE),0) | AK109: =IFERROR(VLOOKUP(B109,'วันที่ 17'!$B$8:$AH$105,28,FALSE),0) | AL109: =IFERROR(VLOOKUP(B109,'วันที่ 18'!$B$8:$AH$104,28,FALSE),0) | AM109: =IFERROR(VLOOKUP(B109,'วันที่ 19'!$B$8:$AH$106,28,FALSE),0) | AN109: =IFERROR(VLOOKUP(B109,'วันที่ 20'!$B$8:$AH$105,28,FALSE),0) | AO109: =IFERROR(VLOOKUP(B109,'วันที่ 21'!$B$8:$AH$106,28,FALSE),0) | AP109: =IFERROR(VLOOKUP(B109,'วันที่ 22'!$B$8:$AH$105,28,FALSE),0) | AQ109: =IFERROR(VLOOKUP(B109,'วันที่ 23'!$B$8:$AH$107,28,FALSE),0) | AR109: =IFERROR(VLOOKUP(B109,'วันที่ 24'!$B$8:$AH$104,28,FALSE),0) | AS109: =IFERROR(VLOOKUP(B109,'วันที่ 25'!$B$8:$AH$106,28,FALSE),0) | AT109: =IFERROR(VLOOKUP(B109,'วันที่ 26'!$B$8:$AH$105,28,FALSE),0) | AU109: =IFERROR(VLOOKUP(B109,'วันที่ 26'!$B$8:$AH$104,28,FALSE),0) | AV109: =IFERROR(VLOOKUP(B109,'วันที่ 30'!$B$8:$AH$107,28,FALSE),0) | AW109: =IFERROR(VLOOKUP(B109,'วันที่ 31'!$B$8:$AG$105,28,FALSE),0) | AX109: =SUM(E109:AW109)
C110: =IFERROR(VLOOKUP(B110,Members!B:C,2,FALSE),0) | D110: =IFERROR(VLOOKUP(B110,Members!$B:$H,7,FALSE),0) | E110: =IFERROR(VLOOKUP(B110,'วันที่ 1'!$B$8:$AH$103,28,FALSE),0) - IFERROR(VLOOKUP(B110,'วันที่ 1'!$B$8:$AH$103,27,FALSE),0) | F110: =IFERROR(VLOOKUP(C110,'วันที่ 1'!$B$8:$AH$103,27,FALSE),0) | G110: =IFERROR(VLOOKUP(B110,'วันที่ 1'!$B$8:$AH$103,28,FALSE),0)-IFERROR(VLOOKUP(B110,'วันที่ 1'!$B$8:$AH$103,27,FALSE),0) | H110: =IFERROR(VLOOKUP(B110,'วันที่ 1'!$B$8:$AH$103,27,FALSE),0) | I110: =IFERROR(VLOOKUP(B110,'วันที่ 2'!$B$8:$AF$106,28,FALSE),0)-IFERROR(VLOOKUP(B110,'วันที่ 2'!$B$8:$AF$106,27,FALSE),0) | J110: =IFERROR(VLOOKUP(B110,'วันที่ 2'!$B$8:$AF$106,27,FALSE),0) | K110: =IFERROR(VLOOKUP(B110,'วันที่ 3 กะเช้า'!$B$8:$AK$106,28,FALSE),0)-IFERROR(VLOOKUP(B110,'วันที่ 3 กะเช้า'!$B$8:$AK$106,27,FALSE),0) | L110: =IFERROR(VLOOKUP(B110,'วันที่ 3 กะเช้า'!$B$8:$AK$106,27,FALSE),0) | M110: =IFERROR(VLOOKUP(B110,'วันที่ 4 กะเช้า'!$B$8:$AG$107,28,FALSE),0)-IFERROR(VLOOKUP(B110,'วันที่ 4 กะเช้า'!$B$8:$AG$107,27,FALSE),0) | N110: =IFERROR(VLOOKUP(B110,'วันที่ 4 กะเช้า'!$B$8:$AG$107,27,FALSE),0) | O110: =IFERROR(VLOOKUP(B110,'วันที่ 4 กะเช้า'!$B$8:$AH$106,28,FALSE),0)-IFERROR(VLOOKUP(B110,'วันที่ 4 กะเช้า'!$B$8:$AH$106,27,FALSE),0) | P110: =IFERROR(VLOOKUP(B110,'วันที่ 4 กะเช้า'!$B$8:$AH$106,27,FALSE),0) | Q110: =IFERROR(VLOOKUP(B110,'วันที่ 4 กะเช้า'!$B$8:$AH$106,28,FALSE),0)-IFERROR(VLOOKUP(B110,'วันที่ 4 กะเช้า'!$B$8:$AH$106,27,FALSE),0) | R110: =IFERROR(VLOOKUP(B110,'วันที่ 4 กะเช้า'!$B$8:$AH$106,27,FALSE),0) | S110: =IFERROR(VLOOKUP(B110,'วันที่ 5 กะเช้า'!$B$8:$AH$107,28,FALSE),0)-IFERROR(VLOOKUP(B110,'วันที่ 5 กะเช้า'!$B$8:$AH$107,27,FALSE),0) | T110: =IFERROR(VLOOKUP(B110,'วันที่ 5 กะเช้า'!$B$8:$AH$107,27,FALSE),0) | U110: =IFERROR(VLOOKUP(B110,'วันที่ 5 กะดึก'!$B$8:$AH$106,27,FALSE),0) | V110: =IFERROR(VLOOKUP(B110,'วันที่ 5 กะดึก'!$B$8:$AH$106,27,FALSE),0) | W110: =IFERROR(VLOOKUP(B110,'วันที่ 7'!$B$8:$AH$105,28,FALSE),0)-IFERROR(VLOOKUP(B110,'วันที่ 7'!$B$8:$AH$105,27,FALSE),0) | X110: =IFERROR(VLOOKUP(B110,'วันที่ 7'!$B$8:$AH$105,27,FALSE),0) | Y110: =IFERROR(VLOOKUP(B110,'วันที่ 8'!$B$8:$AH$109,28,FALSE),0)-IFERROR(VLOOKUP(B110,'วันที่ 8'!$B$8:$AH$109,27,FALSE),0) | Z110: =IFERROR(VLOOKUP(B110,'วันที่ 8'!$B$8:$AH$109,27,FALSE),0) | AA110: =IFERROR(VLOOKUP(B110,'กะเช้าวันที่ 12'!$B$8:$AC$102,28,FALSE),0)-IFERROR(VLOOKUP(B110,'กะเช้าวันที่ 12'!$B$8:$AC$102,27,FALSE),0) | AB110: =IFERROR(VLOOKUP(B110,'กะเช้าวันที่ 12'!$B$8:$AC$102,27,FALSE),0) | AC110: =IFERROR(VLOOKUP(B110,'กะเช้าวันที่ 14'!$B$8:$AC$104,28,FALSE),0)-IFERROR(VLOOKUP(B110,'กะเช้าวันที่ 14'!$B$8:$AC$104,27,FALSE),0) | AD110: =IFERROR(VLOOKUP(B110,'กะเช้าวันที่ 14'!$B$8:$AC$104,27,FALSE),0) | AE110: =IFERROR(VLOOKUP(B110,'กะดึกวันที่ 13'!$B$8:$AC$105,28,FALSE),0)-IFERROR(VLOOKUP(B110,'กะดึกวันที่ 13'!$B$8:$AC$105,27,FALSE),0) | AF110: =IFERROR(VLOOKUP(C110,'กะดึกวันที่ 13'!$B$8:$AC$105,27,FALSE),0) | AG110: =IFERROR(VLOOKUP(B110,'วันที่ 12'!$B$8:$AH$105,28,FALSE),0) | AH110: =IFERROR(VLOOKUP(B110,'วันที่ 14'!$B$8:$AH$106,28,FALSE),0) | AI110: =IFERROR(VLOOKUP(B110,'วันที่ 15'!$B$8:$AH$106,28,FALSE),0) | AJ110: =IFERROR(VLOOKUP(B110,'วันที่ 16'!$B$8:$AH$105,28,FALSE),0) | AK110: =IFERROR(VLOOKUP(B110,'วันที่ 17'!$B$8:$AH$105,28,FALSE),0) | AL110: =IFERROR(VLOOKUP(B110,'วันที่ 18'!$B$8:$AH$104,28,FALSE),0) | AM110: =IFERROR(VLOOKUP(B110,'วันที่ 19'!$B$8:$AH$106,28,FALSE),0) | AN110: =IFERROR(VLOOKUP(B110,'วันที่ 20'!$B$8:$AH$105,28,FALSE),0) | AO110: =IFERROR(VLOOKUP(B110,'วันที่ 21'!$B$8:$AH$106,28,FALSE),0) | AP110: =IFERROR(VLOOKUP(B110,'วันที่ 22'!$B$8:$AH$105,28,FALSE),0) | AQ110: =IFERROR(VLOOKUP(B110,'วันที่ 23'!$B$8:$AH$107,28,FALSE),0) | AR110: =IFERROR(VLOOKUP(B110,'วันที่ 24'!$B$8:$AH$104,28,FALSE),0) | AS110: =IFERROR(VLOOKUP(B110,'วันที่ 25'!$B$8:$AH$106,28,FALSE),0) | AT110: =IFERROR(VLOOKUP(B110,'วันที่ 26'!$B$8:$AH$105,28,FALSE),0) | AU110: =IFERROR(VLOOKUP(B110,'วันที่ 26'!$B$8:$AH$104,28,FALSE),0) | AV110: =IFERROR(VLOOKUP(B110,'วันที่ 30'!$B$8:$AH$107,28,FALSE),0) | AW110: =IFERROR(VLOOKUP(B110,'วันที่ 31'!$B$8:$AG$105,28,FALSE),0) | AX110: =SUM(E110:AW110)
C111: =IFERROR(VLOOKUP(B111,Members!B:C,2,FALSE),0) | D111: =IFERROR(VLOOKUP(B111,Members!$B:$H,7,FALSE),0) | E111: =IFERROR(VLOOKUP(B111,'วันที่ 1'!$B$8:$AH$103,28,FALSE),0) - IFERROR(VLOOKUP(B111,'วันที่ 1'!$B$8:$AH$103,27,FALSE),0) | F111: =IFERROR(VLOOKUP(C111,'วันที่ 1'!$B$8:$AH$103,27,FALSE),0) | G111: =IFERROR(VLOOKUP(B111,'วันที่ 1'!$B$8:$AH$103,28,FALSE),0)-IFERROR(VLOOKUP(B111,'วันที่ 1'!$B$8:$AH$103,27,FALSE),0) | H111: =IFERROR(VLOOKUP(B111,'วันที่ 1'!$B$8:$AH$103,27,FALSE),0) | I111: =IFERROR(VLOOKUP(B111,'วันที่ 2'!$B$8:$AF$106,28,FALSE),0)-IFERROR(VLOOKUP(B111,'วันที่ 2'!$B$8:$AF$106,27,FALSE),0) | J111: =IFERROR(VLOOKUP(B111,'วันที่ 2'!$B$8:$AF$106,27,FALSE),0) | K111: =IFERROR(VLOOKUP(B111,'วันที่ 3 กะเช้า'!$B$8:$AK$106,28,FALSE),0)-IFERROR(VLOOKUP(B111,'วันที่ 3 กะเช้า'!$B$8:$AK$106,27,FALSE),0) | L111: =IFERROR(VLOOKUP(B111,'วันที่ 3 กะเช้า'!$B$8:$AK$106,27,FALSE),0) | M111: =IFERROR(VLOOKUP(B111,'วันที่ 4 กะเช้า'!$B$8:$AG$107,28,FALSE),0)-IFERROR(VLOOKUP(B111,'วันที่ 4 กะเช้า'!$B$8:$AG$107,27,FALSE),0) | N111: =IFERROR(VLOOKUP(B111,'วันที่ 4 กะเช้า'!$B$8:$AG$107,27,FALSE),0) | O111: =IFERROR(VLOOKUP(B111,'วันที่ 4 กะเช้า'!$B$8:$AH$106,28,FALSE),0)-IFERROR(VLOOKUP(B111,'วันที่ 4 กะเช้า'!$B$8:$AH$106,27,FALSE),0) | P111: =IFERROR(VLOOKUP(B111,'วันที่ 4 กะเช้า'!$B$8:$AH$106,27,FALSE),0) | Q111: =IFERROR(VLOOKUP(B111,'วันที่ 4 กะเช้า'!$B$8:$AH$106,28,FALSE),0)-IFERROR(VLOOKUP(B111,'วันที่ 4 กะเช้า'!$B$8:$AH$106,27,FALSE),0) | R111: =IFERROR(VLOOKUP(B111,'วันที่ 4 กะเช้า'!$B$8:$AH$106,27,FALSE),0) | S111: =IFERROR(VLOOKUP(B111,'วันที่ 5 กะเช้า'!$B$8:$AH$107,28,FALSE),0)-IFERROR(VLOOKUP(B111,'วันที่ 5 กะเช้า'!$B$8:$AH$107,27,FALSE),0) | T111: =IFERROR(VLOOKUP(B111,'วันที่ 5 กะเช้า'!$B$8:$AH$107,27,FALSE),0) | U111: =IFERROR(VLOOKUP(B111,'วันที่ 5 กะดึก'!$B$8:$AH$106,27,FALSE),0) | V111: =IFERROR(VLOOKUP(B111,'วันที่ 5 กะดึก'!$B$8:$AH$106,27,FALSE),0) | W111: =IFERROR(VLOOKUP(B111,'วันที่ 7'!$B$8:$AH$105,28,FALSE),0)-IFERROR(VLOOKUP(B111,'วันที่ 7'!$B$8:$AH$105,27,FALSE),0) | X111: =IFERROR(VLOOKUP(B111,'วันที่ 7'!$B$8:$AH$105,27,FALSE),0) | Y111: =IFERROR(VLOOKUP(B111,'วันที่ 8'!$B$8:$AH$109,28,FALSE),0)-IFERROR(VLOOKUP(B111,'วันที่ 8'!$B$8:$AH$109,27,FALSE),0) | Z111: =IFERROR(VLOOKUP(B111,'วันที่ 8'!$B$8:$AH$109,27,FALSE),0) | AA111: =IFERROR(VLOOKUP(B111,'กะเช้าวันที่ 12'!$B$8:$AC$102,28,FALSE),0)-IFERROR(VLOOKUP(B111,'กะเช้าวันที่ 12'!$B$8:$AC$102,27,FALSE),0) | AB111: =IFERROR(VLOOKUP(B111,'กะเช้าวันที่ 12'!$B$8:$AC$102,27,FALSE),0) | AC111: =IFERROR(VLOOKUP(B111,'กะเช้าวันที่ 14'!$B$8:$AC$104,28,FALSE),0)-IFERROR(VLOOKUP(B111,'กะเช้าวันที่ 14'!$B$8:$AC$104,27,FALSE),0) | AD111: =IFERROR(VLOOKUP(B111,'กะเช้าวันที่ 14'!$B$8:$AC$104,27,FALSE),0) | AE111: =IFERROR(VLOOKUP(B111,'กะดึกวันที่ 13'!$B$8:$AC$105,28,FALSE),0)-IFERROR(VLOOKUP(B111,'กะดึกวันที่ 13'!$B$8:$AC$105,27,FALSE),0) | AF111: =IFERROR(VLOOKUP(C111,'กะดึกวันที่ 13'!$B$8:$AC$105,27,FALSE),0) | AG111: =IFERROR(VLOOKUP(B111,'วันที่ 12'!$B$8:$AH$105,28,FALSE),0) | AH111: =IFERROR(VLOOKUP(B111,'วันที่ 14'!$B$8:$AH$106,28,FALSE),0) | AI111: =IFERROR(VLOOKUP(B111,'วันที่ 15'!$B$8:$AH$106,28,FALSE),0) | AJ111: =IFERROR(VLOOKUP(B111,'วันที่ 16'!$B$8:$AH$105,28,FALSE),0) | AK111: =IFERROR(VLOOKUP(B111,'วันที่ 17'!$B$8:$AH$105,28,FALSE),0) | AL111: =IFERROR(VLOOKUP(B111,'วันที่ 18'!$B$8:$AH$104,28,FALSE),0) | AM111: =IFERROR(VLOOKUP(B111,'วันที่ 19'!$B$8:$AH$106,28,FALSE),0) | AN111: =IFERROR(VLOOKUP(B111,'วันที่ 20'!$B$8:$AH$105,28,FALSE),0) | AO111: =IFERROR(VLOOKUP(B111,'วันที่ 21'!$B$8:$AH$106,28,FALSE),0) | AP111: =IFERROR(VLOOKUP(B111,'วันที่ 22'!$B$8:$AH$105,28,FALSE),0) | AQ111: =IFERROR(VLOOKUP(B111,'วันที่ 23'!$B$8:$AH$107,28,FALSE),0) | AR111: =IFERROR(VLOOKUP(B111,'วันที่ 24'!$B$8:$AH$104,28,FALSE),0) | AS111: =IFERROR(VLOOKUP(B111,'วันที่ 25'!$B$8:$AH$106,28,FALSE),0) | AT111: =IFERROR(VLOOKUP(B111,'วันที่ 26'!$B$8:$AH$105,28,FALSE),0) | AU111: =IFERROR(VLOOKUP(B111,'วันที่ 26'!$B$8:$AH$104,28,FALSE),0) | AV111: =IFERROR(VLOOKUP(B111,'วันที่ 30'!$B$8:$AH$107,28,FALSE),0) | AW111: =IFERROR(VLOOKUP(B111,'วันที่ 31'!$B$8:$AG$105,28,FALSE),0) | AX111: =SUM(E111:AW111)
C112: =IFERROR(VLOOKUP(B112,Members!B:C,2,FALSE),0) | D112: =IFERROR(VLOOKUP(B112,Members!$B:$H,7,FALSE),0) | E112: =IFERROR(VLOOKUP(B112,'วันที่ 1'!$B$8:$AH$103,28,FALSE),0) - IFERROR(VLOOKUP(B112,'วันที่ 1'!$B$8:$AH$103,27,FALSE),0) | F112: =IFERROR(VLOOKUP(C112,'วันที่ 1'!$B$8:$AH$103,27,FALSE),0) | G112: =IFERROR(VLOOKUP(B112,'วันที่ 1'!$B$8:$AH$103,28,FALSE),0)-IFERROR(VLOOKUP(B112,'วันที่ 1'!$B$8:$AH$103,27,FALSE),0) | H112: =IFERROR(VLOOKUP(B112,'วันที่ 1'!$B$8:$AH$103,27,FALSE),0) | I112: =IFERROR(VLOOKUP(B112,'วันที่ 2'!$B$8:$AF$106,28,FALSE),0)-IFERROR(VLOOKUP(B112,'วันที่ 2'!$B$8:$AF$106,27,FALSE),0) | J112: =IFERROR(VLOOKUP(B112,'วันที่ 2'!$B$8:$AF$106,27,FALSE),0) | K112: =IFERROR(VLOOKUP(B112,'วันที่ 3 กะเช้า'!$B$8:$AK$106,28,FALSE),0)-IFERROR(VLOOKUP(B112,'วันที่ 3 กะเช้า'!$B$8:$AK$106,27,FALSE),0) | L112: =IFERROR(VLOOKUP(B112,'วันที่ 3 กะเช้า'!$B$8:$AK$106,27,FALSE),0) | M112: =IFERROR(VLOOKUP(B112,'วันที่ 4 กะเช้า'!$B$8:$AG$107,28,FALSE),0)-IFERROR(VLOOKUP(B112,'วันที่ 4 กะเช้า'!$B$8:$AG$107,27,FALSE),0) | N112: =IFERROR(VLOOKUP(B112,'วันที่ 4 กะเช้า'!$B$8:$AG$107,27,FALSE),0) | O112: =IFERROR(VLOOKUP(B112,'วันที่ 4 กะเช้า'!$B$8:$AH$106,28,FALSE),0)-IFERROR(VLOOKUP(B112,'วันที่ 4 กะเช้า'!$B$8:$AH$106,27,FALSE),0) | P112: =IFERROR(VLOOKUP(B112,'วันที่ 4 กะเช้า'!$B$8:$AH$106,27,FALSE),0) | Q112: =IFERROR(VLOOKUP(B112,'วันที่ 4 กะเช้า'!$B$8:$AH$106,28,FALSE),0)-IFERROR(VLOOKUP(B112,'วันที่ 4 กะเช้า'!$B$8:$AH$106,27,FALSE),0) | R112: =IFERROR(VLOOKUP(B112,'วันที่ 4 กะเช้า'!$B$8:$AH$106,27,FALSE),0) | S112: =IFERROR(VLOOKUP(B112,'วันที่ 5 กะเช้า'!$B$8:$AH$107,28,FALSE),0)-IFERROR(VLOOKUP(B112,'วันที่ 5 กะเช้า'!$B$8:$AH$107,27,FALSE),0) | T112: =IFERROR(VLOOKUP(B112,'วันที่ 5 กะเช้า'!$B$8:$AH$107,27,FALSE),0) | U112: =IFERROR(VLOOKUP(B112,'วันที่ 5 กะดึก'!$B$8:$AH$106,27,FALSE),0) | V112: =IFERROR(VLOOKUP(B112,'วันที่ 5 กะดึก'!$B$8:$AH$106,27,FALSE),0) | W112: =IFERROR(VLOOKUP(B112,'วันที่ 7'!$B$8:$AH$105,28,FALSE),0)-IFERROR(VLOOKUP(B112,'วันที่ 7'!$B$8:$AH$105,27,FALSE),0) | X112: =IFERROR(VLOOKUP(B112,'วันที่ 7'!$B$8:$AH$105,27,FALSE),0) | Y112: =IFERROR(VLOOKUP(B112,'วันที่ 8'!$B$8:$AH$109,28,FALSE),0)-IFERROR(VLOOKUP(B112,'วันที่ 8'!$B$8:$AH$109,27,FALSE),0) | Z112: =IFERROR(VLOOKUP(B112,'วันที่ 8'!$B$8:$AH$109,27,FALSE),0) | AA112: =IFERROR(VLOOKUP(B112,'กะเช้าวันที่ 12'!$B$8:$AC$102,28,FALSE),0)-IFERROR(VLOOKUP(B112,'กะเช้าวันที่ 12'!$B$8:$AC$102,27,FALSE),0) | AB112: =IFERROR(VLOOKUP(B112,'กะเช้าวันที่ 12'!$B$8:$AC$102,27,FALSE),0) | AC112: =IFERROR(VLOOKUP(B112,'กะเช้าวันที่ 14'!$B$8:$AC$104,28,FALSE),0)-IFERROR(VLOOKUP(B112,'กะเช้าวันที่ 14'!$B$8:$AC$104,27,FALSE),0) | AD112: =IFERROR(VLOOKUP(B112,'กะเช้าวันที่ 14'!$B$8:$AC$104,27,FALSE),0) | AE112: =IFERROR(VLOOKUP(B112,'กะดึกวันที่ 13'!$B$8:$AC$105,28,FALSE),0)-IFERROR(VLOOKUP(B112,'กะดึกวันที่ 13'!$B$8:$AC$105,27,FALSE),0) | AF112: =IFERROR(VLOOKUP(C112,'กะดึกวันที่ 13'!$B$8:$AC$105,27,FALSE),0) | AG112: =IFERROR(VLOOKUP(B112,'วันที่ 12'!$B$8:$AH$105,28,FALSE),0) | AH112: =IFERROR(VLOOKUP(B112,'วันที่ 14'!$B$8:$AH$106,28,FALSE),0) | AI112: =IFERROR(VLOOKUP(B112,'วันที่ 15'!$B$8:$AH$106,28,FALSE),0) | AJ112: =IFERROR(VLOOKUP(B112,'วันที่ 16'!$B$8:$AH$105,28,FALSE),0) | AK112: =IFERROR(VLOOKUP(B112,'วันที่ 17'!$B$8:$AH$105,28,FALSE),0) | AL112: =IFERROR(VLOOKUP(B112,'วันที่ 18'!$B$8:$AH$104,28,FALSE),0) | AM112: =IFERROR(VLOOKUP(B112,'วันที่ 19'!$B$8:$AH$106,28,FALSE),0) | AN112: =IFERROR(VLOOKUP(B112,'วันที่ 20'!$B$8:$AH$105,28,FALSE),0) | AO112: =IFERROR(VLOOKUP(B112,'วันที่ 21'!$B$8:$AH$106,28,FALSE),0) | AP112: =IFERROR(VLOOKUP(B112,'วันที่ 22'!$B$8:$AH$105,28,FALSE),0) | AQ112: =IFERROR(VLOOKUP(B112,'วันที่ 23'!$B$8:$AH$107,28,FALSE),0) | AR112: =IFERROR(VLOOKUP(B112,'วันที่ 24'!$B$8:$AH$104,28,FALSE),0) | AS112: =IFERROR(VLOOKUP(B112,'วันที่ 25'!$B$8:$AH$106,28,FALSE),0) | AT112: =IFERROR(VLOOKUP(B112,'วันที่ 26'!$B$8:$AH$105,28,FALSE),0) | AU112: =IFERROR(VLOOKUP(B112,'วันที่ 26'!$B$8:$AH$104,28,FALSE),0) | AV112: =IFERROR(VLOOKUP(B112,'วันที่ 30'!$B$8:$AH$107,28,FALSE),0) | AW112: =IFERROR(VLOOKUP(B112,'วันที่ 31'!$B$8:$AG$105,28,FALSE),0) | AX112: =SUM(E112:AW112)
... C595: =IFERROR(VLOOKUP(B595,Members!B:C,2,FALSE),0) | D595: =IFERROR(VLOOKUP(B595,Members!$B:$H,7,FALSE),0) | E595: =IFERROR(VLOOKUP(B595,'วันที่ 1'!$B$8:$AH$103,28,FALSE),0) - IFERROR(VLOOKUP(B595,'วันที่ 1'!$B$8:$AH$103,27,FALSE),0) | F595: =IFERROR(VLOOKUP(C595,'วันที่ 1'!$B$8:$AH$103,27,FALSE),0) | G595: =IFERROR(VLOOKUP(B595,'วันที่ 1'!$B$8:$AH$103,28,FALSE),0)-IFERROR(VLOOKUP(B595,'วันที่ 1'!$B$8:$AH$103,27,FALSE),0) | H595: =IFERROR(VLOOKUP(B595,'วันที่ 1'!$B$8:$AH$103,27,FALSE),0) | I595: =IFERROR(VLOOKUP(B595,'วันที่ 2'!$B$8:$AF$106,28,FALSE),0)-IFERROR(VLOOKUP(B595,'วันที่ 2'!$B$8:$AF$106,27,FALSE),0) | J595: =IFERROR(VLOOKUP(B595,'วันที่ 2'!$B$8:$AF$106,27,FALSE),0) | K595: =IFERROR(VLOOKUP(B595,'วันที่ 3 กะเช้า'!$B$8:$AK$106,28,FALSE),0)-IFERROR(VLOOKUP(B595,'วันที่ 3 กะเช้า'!$B$8:$AK$106,27,FALSE),0) | L595: =IFERROR(VLOOKUP(B595,'วันที่ 3 กะเช้า'!$B$8:$AK$106,27,FALSE),0) | M595: =IFERROR(VLOOKUP(B595,'วันที่ 4 กะเช้า'!$B$8:$AG$107,28,FALSE),0)-IFERROR(VLOOKUP(B595,'วันที่ 4 กะเช้า'!$B$8:$AG$107,27,FALSE),0) | N595: =IFERROR(VLOOKUP(B595,'วันที่ 4 กะเช้า'!$B$8:$AG$107,27,FALSE),0) | O595: =IFERROR(VLOOKUP(B595,'วันที่ 4 กะเช้า'!$B$8:$AH$106,28,FALSE),0)-IFERROR(VLOOKUP(B595,'วันที่ 4 กะเช้า'!$B$8:$AH$106,27,FALSE),0) | P595: =IFERROR(VLOOKUP(B595,'วันที่ 4 กะเช้า'!$B$8:$AH$106,27,FALSE),0) | Q595: =IFERROR(VLOOKUP(B595,'วันที่ 4 กะเช้า'!$B$8:$AH$106,28,FALSE),0)-IFERROR(VLOOKUP(B595,'วันที่ 4 กะเช้า'!$B$8:$AH$106,27,FALSE),0) | R595: =IFERROR(VLOOKUP(B595,'วันที่ 4 กะเช้า'!$B$8:$AH$106,27,FALSE),0) | S595: =IFERROR(VLOOKUP(B595,'วันที่ 5 กะเช้า'!$B$8:$AH$107,28,FALSE),0)-IFERROR(VLOOKUP(B595,'วันที่ 5 กะเช้า'!$B$8:$AH$107,27,FALSE),0) | T595: =IFERROR(VLOOKUP(B595,'วันที่ 5 กะเช้า'!$B$8:$AH$107,27,FALSE),0) | U595: =IFERROR(VLOOKUP(B595,'วันที่ 5 กะดึก'!$B$8:$AH$106,27,FALSE),0) | V595: =IFERROR(VLOOKUP(B595,'วันที่ 5 กะดึก'!$B$8:$AH$106,27,FALSE),0) | W595: =IFERROR(VLOOKUP(B595,'วันที่ 7'!$B$8:$AH$105,28,FALSE),0)-IFERROR(VLOOKUP(B595,'วันที่ 7'!$B$8:$AH$105,27,FALSE),0) | X595: =IFERROR(VLOOKUP(B595,'วันที่ 7'!$B$8:$AH$105,27,FALSE),0) | Y595: =IFERROR(VLOOKUP(B595,'วันที่ 8'!$B$8:$AH$109,28,FALSE),0)-IFERROR(VLOOKUP(B595,'วันที่ 8'!$B$8:$AH$109,27,FALSE),0) | Z595: =IFERROR(VLOOKUP(B595,'วันที่ 8'!$B$8:$AH$109,27,FALSE),0) | AA595: =IFERROR(VLOOKUP(B595,'กะเช้าวันที่ 12'!$B$8:$AC$102,28,FALSE),0)-IFERROR(VLOOKUP(B595,'กะเช้าวันที่ 12'!$B$8:$AC$102,27,FALSE),0) | AB595: =IFERROR(VLOOKUP(B595,'กะเช้าวันที่ 12'!$B$8:$AC$102,27,FALSE),0) | AC595: =IFERROR(VLOOKUP(B595,'กะเช้าวันที่ 14'!$B$8:$AC$104,28,FALSE),0)-IFERROR(VLOOKUP(B595,'กะเช้าวันที่ 14'!$B$8:$AC$104,27,FALSE),0) | AD595: =IFERROR(VLOOKUP(B595,'กะเช้าวันที่ 14'!$B$8:$AC$104,27,FALSE),0) | AE595: =IFERROR(VLOOKUP(B595,'กะดึกวันที่ 13'!$B$8:$AC$105,28,FALSE),0)-IFERROR(VLOOKUP(B595,'กะดึกวันที่ 13'!$B$8:$AC$105,27,FALSE),0) | AF595: =IFERROR(VLOOKUP(C595,'กะดึกวันที่ 13'!$B$8:$AC$105,27,FALSE),0) | AG595: =IFERROR(VLOOKUP(B595,'วันที่ 12'!$B$8:$AH$105,28,FALSE),0) | AH595: =IFERROR(VLOOKUP(B595,'วันที่ 14'!$B$8:$AH$106,28,FALSE),0) | AI595: =IFERROR(VLOOKUP(B595,'วันที่ 15'!$B$8:$AH$106,28,FALSE),0) | AJ595: =IFERROR(VLOOKUP(B595,'วันที่ 16'!$B$8:$AH$105,28,FALSE),0) | AK595: =IFERROR(VLOOKUP(B595,'วันที่ 17'!$B$8:$AH$105,28,FALSE),0) | AL595: =IFERROR(VLOOKUP(B595,'วันที่ 18'!$B$8:$AH$104,28,FALSE),0) | AM595: =IFERROR(VLOOKUP(B595,'วันที่ 19'!$B$8:$AH$106,28,FALSE),0) | AN595: =IFERROR(VLOOKUP(B595,'วันที่ 20'!$B$8:$AH$105,28,FALSE),0) | AO595: =IFERROR(VLOOKUP(B595,'วันที่ 21'!$B$8:$AH$106,28,FALSE),0) | AP595: =IFERROR(VLOOKUP(B595,'วันที่ 22'!$B$8:$AH$105,28,FALSE),0) | AQ595: =IFERROR(VLOOKUP(B595,'วันที่ 23'!$B$8:$AH$107,28,FALSE),0) | AR595: =IFERROR(VLOOKUP(B595,'วันที่ 24'!$B$8:$AH$104,28,FALSE),0) | AS595: =IFERROR(VLOOKUP(B595,'วันที่ 25'!$B$8:$AH$106,28,FALSE),0) | AT595: =IFERROR(VLOOKUP(B595,'วันที่ 26'!$B$8:$AH$105,28,FALSE),0) | AU595: =IFERROR(VLOOKUP(B595,'วันที่ 26'!$B$8:$AH$104,28,FALSE),0) | AV595: =IFERROR(VLOOKUP(B595,'วันที่ 30'!$B$8:$AH$107,28,FALSE),0) | AW595: =IFERROR(VLOOKUP(B595,'วันที่ 31'!$B$8:$AG$105,28,FALSE),0) | AX595: =SUM(E595:AW595)

Sheet สินค้าเสียหาย
A1: ลำดับ | B1: ชื่อ - นามสกุล | C1: ชื่อเล่น | D1: สังกัด | E1: ค่าเสียหาย (บาท) | F1: คลังที่ | G1: สถานะ | H1: วันที่ทำผิด | I1: วันที่หักค่าเสียหาย
A2: 1 | B2: ธัญชนก เรืองฤทธิ์ | C2: ธัญ | D2: BM1 | E2: 35 | F2: 2
A3: 2 | B3: สุภาดา อินทร์ไพร | C3: น้ำ | D3: BM3 | E3: 83 | F3: 1
A4: 3 | B4: กัณญาณัฐ เพรชจำรัส | C4: ปลา | D4: BM1 | E4: 179 | F4: 2
A5: 4 | B5: สาธิกา ชาญกล | C5: ลูกอิน | D5: BM2 | E5: 81.08 | F5: 1
A6: 5 | B6: ขวัญดารา จีนารัตน์ | C6: ขวัญ | D6: BM3 | E6: 34.62 | F6: 2
A7: 6 | B7: ฉัตรมงคล มาลี | C7: เก้า | D7: BM1 | E7: 124.14 | G7: หักเงินแล้ว | H7: แพ็คผิด
A8: 7 | B8: ธนาธิป ควรสำโรง | C8: ดรีม | D8: BM1 | E8: 34.62 | G8: หักเงินแล้ว | H8: แพ็คผิดวันที่ 13/11 | I8: หักวันจันทร์ที่ 24.11.68
A9: 8 | B9: พีรพล จำนงค์เวช | C9: พี | D9: BM1 | E9: 34.62 | G9: หักเงินแล้ว | H9: แพ็คผิดวันที่ 13/11
A10: 9 | B10: เกณิกา ฐาณัตตระกูล | C10: เก | D10: BM1 | E10: 33.05 | G10: หักเงินแล้ว | H10: แพ็คผิดวันที่ 06/12 | I10: หักเงินวันพุธที่ 17.12.68
A11: 10 | B11: ธนสิน จินดามณี | C11: ออม | D11: BM1 | E11: 63 | G11: หักเงินแล้ว | H11: ทำของเสียหาย | I11: หักเงินวันศุกร์ที่ 19.12.68
A12: 11 | B12: ชลิตา แซ่อึ้ง | C12: นุ่น | D12: BM1 | E12: 34.12 | G12: หักเงินแล้ว | H12: แพ็คผิด 14/12/68 | I12: หักเงินวันศุกร์ที่ 19.12.68
A13: 12 | B13: รวินท์นิภา คงทะเล | C13: นุ่น | D13: BM1 | E13: 30 | G13: ยังไม่ได้หักเงิน | H13: แพ็คผิดวันที่ 30/09/2025 | I13: หักเงินวันจันทร์ที่ 12.01.69
A14: 13 | C14: ปลา | D14: BM1 | E14: 34.62 | G14: ยังไม่ได้หักเงิน | H14: แพ็คผิดวันที่ 5/10/2025 | I14: ไม่ได้หักเนื่องจากลาออกไปแล้ว
A15: 14 | B15: จุฬาลักษณ์ ทิพย์สมบัติ | C15: ดิว | D15: BM1 | E15: 69 | G15: ยังไม่ได้หักเงิน
A16: 15 | B16: อัจฉรา สังข์ทอง | C16: หยก | D16: BM1 | E16: 913.82 | G16: หักเงินแล้ว | H16: แพ็คผิดวันที่ 25/02/69 | I16: 913.82 ให้หัก 3 วัน วันที่ 11.03.69 หักแล้ว 294.60 ต้องหักอีก 619.22 หักวันที่ 12-13.03.69 วันละ 309.61
A17: 16 | B17: นันทกานต์ นาคำ | C17: นัท | D17: BM1 | E17: 119 | G17: หักเงินแล้ว | H17: แพ็คผิดวันที่ 04/03/69 & 28/02/69 | I17: หักวันที่ 13.03.2569
A18: 17 | B18: สาธิกา ชาญกล | C18: ลูกอิน | D18: BM1 | E18: 80.03 | G18: หักเงินแล้ว | H18: แพ็คผิด 17/12/2025 | I18: หักเงิน วันที่ 7 มีนาคม
A19: 19 | B19: สิริลักษณ์ แก้วเกร็ด | C19: ยุ้ย | D19: BM3 | E19: 1030.05 | G19: ยังไม่ได้หักเงิน | H19: แพ็คผิดเมื่อวันที่ 01/04/69 | I19: หักในค่าแรง 500 ขาดอีก530.05
A20: 20 | B20: ชลิตา แซ่อึ๊ง | C20: นุ่น | D20: BM1 | E20: 852.72 | G20: หักเงินแล้ว | H20: 17/03/2569 | I20: 16/04/2569
A21: 21 | B21: ณัฐกาญจน์ พิสัยพันธ์ | C21: สแตมป์ | D21: BM3 | E21: 354 | G21: หักเงินแล้ว | H21: 24/03/2569 | I21: 244596

Sheet วันที่ 1
A1: จำนวนพนักงาน BM | C1: =COUNTIF(E1:E104,"*BM*") | D1: จำนวนพนักงาน DW | F1: =COUNTIF(E9:E104,"*DW*") | K1: =C1+F1 | S1: ค่าโอที | V1: ค่าแรง BM | X1: =SUMIF(E:E,"*BM*",AH:AH) | Z1: ค่าแรง BM 2-4 | AD1: ค่าแรง DW | AF1: =SUMIF(E:E,"*DW*",AH:AH)
B2: BM1 | C2: =COUNTIF(E9:E104,"*BM1*") | E2: DW 1 | F2: =COUNTIF(E9:E105,"*DW1*") | S2: BM1 | T2: =SUMIF(E:E,"*BM1*",AG:AG) | V2: ค่าแรง BM1 | X2: =SUMIF(E:E,"*BM1*",AH:AH)-SUMIF(E:E,"*BM1*",AG:AG)
B3: BM2 | C3: =COUNTIF(E9:E105,"*BM2*") | E3: DW 2 | F3: =COUNTIF(E9:E106,"*DW2*") | S3: BM2 | T3: =SUMIF(E:E,"*BM2*",AG:AG) | V3: ค่าแรง BM2 | X3: =SUMIF(E:E,"*BM2*",AH:AH)-SUMIF(E:E,"*BM2*",AG:AG) | Z3: =SUM(X3:X7)
B4: BM3 | C4: =COUNTIF(E9:E106,"*BM3*") | E4: DW 3 | F4: =COUNTIF(E9:E107,"*DW3*") | S4: BM3 | T4: =SUMIF(E:E,"*BM3*",AG:AG) | V4: ค่าแรง BM3 | X4: =SUMIF(E:E,"*BM3*",AH:AH)-SUMIF(E:E,"*BM3*",AG:AG)
B5: BMN | C5: =COUNTIF(E9:E107,"*BMN*") | E5: DWN | F5: =COUNTIF(E9:E108,"*DWN*") | S5: BM4 | T5: =SUMIF(E:E,"*BM4*",AG:AG) | V5: ค่าแรง BMN | X5: =SUMIF(E:E,"*BMN*",AH:AH)-SUMIF(E:E,"*BMN*",AG:AG)
B6: BMM | C6: =COUNTIF(E9:E110,"*BMM*") | E6: DWM | F6: =COUNTIF(E9:E111,"*DWM*") | V6: ค่าแรง BMM | X6: =SUMIF(E:E,"*BMM*",AH:AH)-SUMIF(E:E,"*BMM*",AG:AG)
B7: BM4 | C7: =COUNTIF(E9:E111,"*BM4*") | V7: ค่าแรง BM4 | X7: =SUMIF(E:E,"*BM4*",AH:AH)-SUMIF(E:E,"*BM4*",AG:AG)
A8: ลำดับ | B8: ชื่อ-นามสกุล | C8: Checkin time | D8: Checkout time | E8: Note | F8: ชื่อเล่น | G8: เบอร์โทร | H8: เลขที่บัญชี | I8: ตัวย่อธนาคาร | J8: ชื่อธนาคาร | K8: หมายเหตุ | L8: ตรวจสอบ BM | M8: นาทีที่เลิกก่อน | N8: นาทีที่เลิกก่อน | O8: นาทีที่เลิกก่อน | P8: สาย (นาที) | Q8: สาย | R8: กะการทำงาน | S8: เวลาเริ่ม | T8: เวลาเลิก | U8: ชั่วโมงทำงาน | V8: นาทีที่หักจริง | W8: จำนวนเงินหักสาย | X8: นาทีที่ออกก่อน | Y8: ค่าแรง/นาที | Z8: จำนวนเงินหักออกก่อน | AA8: ค่าแรง | AB8: OT ก่อน (เวลา/จำนวนชม.) | AD8: OT หลัง (เวลา/จำนวนชม.) | AF8: รวม OT | AG8: ค่าแรง OT | AH8: รวมค่าแรง | AI8: หักสินค้าชำรุด
A9: 1 | B9: บุญสิตา พวงจำปี | C9: 46113.408 | D9: 0.72916667 | E9: BM1 | F9: แม่บ้านต่าย | G9: =VLOOKUP(B9,Members!$B:$G,3,0) | H9: =VLOOKUP(B9,Members!$B:$G,4,0) | I9: =VLOOKUP(B9,Members!$B:$G,5,0) | J9: =VLOOKUP(B9,Members!$B:$G,6,0) | L9: =IF(ISNUMBER(SEARCH("BM", E9)),IFERROR(VLOOKUP(B9, Members!$B:$H, 7, FALSE), ""),"") | M9: =IF(D9<T9,"ออกก่อน "&TEXT((T9-D9)*24*60,"0")&" นาที","") | N9: =TEXT(C9,"hh:mm:ss") | O9: =TIMEVALUE(LEFT(N9,5)) | P9: =IF(MOD(S9,1)>=MOD(O9,1),"ตรงเวลา","มาสาย "&ROUND((MOD(O9,1)-MOD(S9,1))*1440,0)&" นาที") | Q9: =IF(S9<=O9,(O9-S9)*1440,0) | R9: 08:30 - 17:30 | S9: =TIMEVALUE(LEFT(R9,5)) | T9: =TIMEVALUE(RIGHT(R9,5)) | U9: =IF(IF(T9<S9,(T9+1-S9)*24,(T9-S9)*24)<=6,5,8) | V9: =IF(OR(LEFT(E9,2)="BM",LEFT(E9,2)="DW"),Q9,0) | W9: =(AA9/U9)/60*V9 | X9: =IF(D9<T9,(T9-D9)*24*60,0) | Y9: =(AA9/U9)/60 | Z9: =X9*Y9 | AA9: =IF(AND(T9>=S9, S9>=TIME(9,0,0), T9<=TIME(15,0,0)),IF(LEFT(TRIM(E9:E$208),2)="DW",500,500),500) | AF9: =+AC9+AE9 | AG9: =(AA9/U9)*1.5*AF9 | AH9: =(AA9-W9-Z9-AI9-AJ9)+AG9
A10: 2 | B10: อธิบดี วัสสุวรรณ | C10: 46113.364 | D10: 0.72916667 | E10: BM1 | F10: ฟรี | G10: =VLOOKUP(B10,Members!$B:$G,3,0) | H10: =VLOOKUP(B10,Members!$B:$G,4,0) | I10: =VLOOKUP(B10,Members!$B:$G,5,0) | J10: =VLOOKUP(B10,Members!$B:$G,6,0) | L10: =IF(ISNUMBER(SEARCH("BM", E10)),IFERROR(VLOOKUP(B10, Members!$B:$H, 7, FALSE), ""),"") | M10: =IF(D10<T10,"ออกก่อน "&TEXT((T10-D10)*24*60,"0")&" นาที","") | N10: =TEXT(C10,"hh:mm:ss") | O10: =TIMEVALUE(LEFT(N10,5)) | P10: =IF(MOD(S10,1)>=MOD(O10,1),"ตรงเวลา","มาสาย "&ROUND((MOD(O10,1)-MOD(S10,1))*1440,0)&" นาที") | Q10: =IF(S10<=O10,(O10-S10)*1440,0) | R10: 08:30 - 17:30 | S10: =TIMEVALUE(LEFT(R10,5)) | T10: =TIMEVALUE(RIGHT(R10,5)) | U10: =IF(IF(T10<S10,(T10+1-S10)*24,(T10-S10)*24)<=6,5,8) | V10: =IF(OR(LEFT(E10,2)="BM",LEFT(E10,2)="DW"),Q10,0) | W10: =(AA10/U10)/60*V10 | X10: =IF(D10<T10,(T10-D10)*24*60,0) | Y10: =(AA10/U10)/60 | Z10: =X10*Y10 | AA10: =IF(AND(T10>=S10, S10>=TIME(9,0,0), T10<=TIME(15,0,0)),IF(LEFT(TRIM(E10:E$208),2)="DW",500,500),500) | AF10: =+AC10+AE10 | AG10: =(AA10/U10)*1.5*AF10 | AH10: =(AA10-W10-Z10-AI10-AJ10)+AG10
A11: 3 | B11: อิงอร สุวรรณนิเวศ | C11: 46113.355 | D11: 0.72916667 | E11: BM1 | F11: หมวย | G11: =VLOOKUP(B11,Members!$B:$G,3,0) | H11: =VLOOKUP(B11,Members!$B:$G,4,0) | I11: =VLOOKUP(B11,Members!$B:$G,5,0) | J11: =VLOOKUP(B11,Members!$B:$G,6,0) | L11: =IF(ISNUMBER(SEARCH("BM", E11)),IFERROR(VLOOKUP(B11, Members!$B:$H, 7, FALSE), ""),"") | M11: =IF(D11<T11,"ออกก่อน "&TEXT((T11-D11)*24*60,"0")&" นาที","") | N11: =TEXT(C11,"hh:mm:ss") | O11: =TIMEVALUE(LEFT(N11,5)) | P11: =IF(MOD(S11,1)>=MOD(O11,1),"ตรงเวลา","มาสาย "&ROUND((MOD(O11,1)-MOD(S11,1))*1440,0)&" นาที") | Q11: =IF(S11<=O11,(O11-S11)*1440,0) | R11: 08:30 - 17:30 | S11: =TIMEVALUE(LEFT(R11,5)) | T11: =TIMEVALUE(RIGHT(R11,5)) | U11: =IF(IF(T11<S11,(T11+1-S11)*24,(T11-S11)*24)<=6,5,8) | V11: =IF(OR(LEFT(E11,2)="BM",LEFT(E11,2)="DW"),Q11,0) | W11: =(AA11/U11)/60*V11 | X11: =IF(D11<T11,(T11-D11)*24*60,0) | Y11: =(AA11/U11)/60 | Z11: =X11*Y11 | AA11: =IF(AND(T11>=S11, S11>=TIME(9,0,0), T11<=TIME(15,0,0)),IF(LEFT(TRIM(E11:E$208),2)="DW",500,500),500) | AF11: =+AC11+AE11 | AG11: =(AA11/U11)*1.5*AF11 | AH11: =(AA11-W11-Z11-AI11-AJ11)+AG11
A12: 4 | B12: ธนาธิป ควรสำโรง | C12: 46113.354 | D12: 0.72916667 | E12: BM1 | F12: ดีม | G12: =VLOOKUP(B12,Members!$B:$G,3,0) | H12: =VLOOKUP(B12,Members!$B:$G,4,0) | I12: =VLOOKUP(B12,Members!$B:$G,5,0) | J12: =VLOOKUP(B12,Members!$B:$G,6,0) | L12: =IF(ISNUMBER(SEARCH("BM", E12)),IFERROR(VLOOKUP(B12, Members!$B:$H, 7, FALSE), ""),"") | M12: =IF(D12<T12,"ออกก่อน "&TEXT((T12-D12)*24*60,"0")&" นาที","") | N12: =TEXT(C12,"hh:mm:ss") | O12: =TIMEVALUE(LEFT(N12,5)) | P12: =IF(MOD(S12,1)>=MOD(O12,1),"ตรงเวลา","มาสาย "&ROUND((MOD(O12,1)-MOD(S12,1))*1440,0)&" นาที") | Q12: =IF(S12<=O12,(O12-S12)*1440,0) | R12: 08:30 - 17:30 | S12: =TIMEVALUE(LEFT(R12,5)) | T12: =TIMEVALUE(RIGHT(R12,5)) | U12: =IF(IF(T12<S12,(T12+1-S12)*24,(T12-S12)*24)<=6,5,8) | V12: =IF(OR(LEFT(E12,2)="BM",LEFT(E12,2)="DW"),Q12,0) | W12: =(AA12/U12)/60*V12 | X12: =IF(D12<T12,(T12-D12)*24*60,0) | Y12: =(AA12/U12)/60 | Z12: =X12*Y12 | AA12: =IF(AND(T12>=S12, S12>=TIME(9,0,0), T12<=TIME(15,0,0)),IF(LEFT(TRIM(E12:E$208),2)="DW",500,500),500) | AF12: =+AC12+AE12 | AG12: =(AA12/U12)*1.5*AF12 | AH12: =(AA12-W12-Z12-AI12-AJ12)+AG12
A13: 5 | B13: ประสิทธิ์ เด๊ะรอฮีม | C13: 46113.353 | D13: 0.72916667 | E13: BM1 | F13: ดีน | G13: =VLOOKUP(B13,Members!$B:$G,3,0) | H13: =VLOOKUP(B13,Members!$B:$G,4,0) | I13: =VLOOKUP(B13,Members!$B:$G,5,0) | J13: =VLOOKUP(B13,Members!$B:$G,6,0) | L13: =IF(ISNUMBER(SEARCH("BM", E13)),IFERROR(VLOOKUP(B13, Members!$B:$H, 7, FALSE), ""),"") | M13: =IF(D13<T13,"ออกก่อน "&TEXT((T13-D13)*24*60,"0")&" นาที","") | N13: =TEXT(C13,"hh:mm:ss") | O13: =TIMEVALUE(LEFT(N13,5)) | P13: =IF(MOD(S13,1)>=MOD(O13,1),"ตรงเวลา","มาสาย "&ROUND((MOD(O13,1)-MOD(S13,1))*1440,0)&" นาที") | Q13: =IF(S13<=O13,(O13-S13)*1440,0) | R13: 08:30 - 17:30 | S13: =TIMEVALUE(LEFT(R13,5)) | T13: =TIMEVALUE(RIGHT(R13,5)) | U13: =IF(IF(T13<S13,(T13+1-S13)*24,(T13-S13)*24)<=6,5,8) | V13: =IF(OR(LEFT(E13,2)="BM",LEFT(E13,2)="DW"),Q13,0) | W13: =(AA13/U13)/60*V13 | X13: =IF(D13<T13,(T13-D13)*24*60,0) | Y13: =(AA13/U13)/60 | Z13: =X13*Y13 | AA13: =IF(AND(T13>=S13, S13>=TIME(9,0,0), T13<=TIME(15,0,0)),IF(LEFT(TRIM(E13:E$208),2)="DW",500,500),500) | AF13: =+AC13+AE13 | AG13: =(AA13/U13)*1.5*AF13 | AH13: =(AA13-W13-Z13-AI13-AJ13)+AG13
A14: 6 | B14: เวโรจน์ ชินนอก | C14: 46113.352 | D14: 0.72916667 | E14: BM1 | F14: เอ | G14: =VLOOKUP(B14,Members!$B:$G,3,0) | H14: =VLOOKUP(B14,Members!$B:$G,4,0) | I14: =VLOOKUP(B14,Members!$B:$G,5,0) | J14: =VLOOKUP(B14,Members!$B:$G,6,0) | L14: =IF(ISNUMBER(SEARCH("BM", E14)),IFERROR(VLOOKUP(B14, Members!$B:$H, 7, FALSE), ""),"") | M14: =IF(D14<T14,"ออกก่อน "&TEXT((T14-D14)*24*60,"0")&" นาที","") | N14: =TEXT(C14,"hh:mm:ss") | O14: =TIMEVALUE(LEFT(N14,5)) | P14: =IF(MOD(S14,1)>=MOD(O14,1),"ตรงเวลา","มาสาย "&ROUND((MOD(O14,1)-MOD(S14,1))*1440,0)&" นาที") | Q14: =IF(S14<=O14,(O14-S14)*1440,0) | R14: 08:30 - 17:30 | S14: =TIMEVALUE(LEFT(R14,5)) | T14: =TIMEVALUE(RIGHT(R14,5)) | U14: =IF(IF(T14<S14,(T14+1-S14)*24,(T14-S14)*24)<=6,5,8) | V14: =IF(OR(LEFT(E14,2)="BM",LEFT(E14,2)="DW"),Q14,0) | W14: =(AA14/U14)/60*V14 | X14: =IF(D14<T14,(T14-D14)*24*60,0) | Y14: =(AA14/U14)/60 | Z14: =X14*Y14 | AA14: =IF(AND(T14>=S14, S14>=TIME(9,0,0), T14<=TIME(15,0,0)),IF(LEFT(TRIM(E14:E$208),2)="DW",500,500),500) | AF14: =+AC14+AE14 | AG14: =(AA14/U14)*1.5*AF14 | AH14: =(AA14-W14-Z14-AI14-AJ14)+AG14
A15: 7 | B15: ณัฐกิตติ์ โล้หนู | C15: 46113.35 | D15: 0.72916667 | E15: BM1 | F15: เฟิร์ส | G15: =VLOOKUP(B15,Members!$B:$G,3,0) | H15: =VLOOKUP(B15,Members!$B:$G,4,0) | I15: =VLOOKUP(B15,Members!$B:$G,5,0) | J15: =VLOOKUP(B15,Members!$B:$G,6,0) | L15: =IF(ISNUMBER(SEARCH("BM", E15)),IFERROR(VLOOKUP(B15, Members!$B:$H, 7, FALSE), ""),"") | M15: =IF(D15<T15,"ออกก่อน "&TEXT((T15-D15)*24*60,"0")&" นาที","") | N15: =TEXT(C15,"hh:mm:ss") | O15: =TIMEVALUE(LEFT(N15,5)) | P15: =IF(MOD(S15,1)>=MOD(O15,1),"ตรงเวลา","มาสาย "&ROUND((MOD(O15,1)-MOD(S15,1))*1440,0)&" นาที") | Q15: =IF(S15<=O15,(O15-S15)*1440,0) | R15: 08:30 - 17:30 | S15: =TIMEVALUE(LEFT(R15,5)) | T15: =TIMEVALUE(RIGHT(R15,5)) | U15: =IF(IF(T15<S15,(T15+1-S15)*24,(T15-S15)*24)<=6,5,8) | V15: =IF(OR(LEFT(E15,2)="BM",LEFT(E15,2)="DW"),Q15,0) | W15: =(AA15/U15)/60*V15 | X15: =IF(D15<T15,(T15-D15)*24*60,0) | Y15: =(AA15/U15)/60 | Z15: =X15*Y15 | AA15: =IF(AND(T15>=S15, S15>=TIME(9,0,0), T15<=TIME(15,0,0)),IF(LEFT(TRIM(E15:E$208),2)="DW",500,500),500) | AF15: =+AC15+AE15 | AG15: =(AA15/U15)*1.5*AF15 | AH15: =(AA15-W15-Z15-AI15-AJ15)+AG15
A16: 8 | B16: กาญจนา วิสุทธิพงศ์ | C16: 46113.351 | D16: 0.72916667 | E16: BM1 | F16: แม่บ้านเก๋ | G16: =VLOOKUP(B16,Members!$B:$G,3,0) | H16: =VLOOKUP(B16,Members!$B:$G,4,0) | I16: =VLOOKUP(B16,Members!$B:$G,5,0) | J16: =VLOOKUP(B16,Members!$B:$G,6,0) | L16: =IF(ISNUMBER(SEARCH("BM", E16)),IFERROR(VLOOKUP(B16, Members!$B:$H, 7, FALSE), ""),"") | M16: =IF(D16<T16,"ออกก่อน "&TEXT((T16-D16)*24*60,"0")&" นาที","") | N16: =TEXT(C16,"hh:mm:ss") | O16: =TIMEVALUE(LEFT(N16,5)) | P16: =IF(MOD(S16,1)>=MOD(O16,1),"ตรงเวลา","มาสาย "&ROUND((MOD(O16,1)-MOD(S16,1))*1440,0)&" นาที") | Q16: =IF(S16<=O16,(O16-S16)*1440,0) | R16: 08:30 - 17:30 | S16: =TIMEVALUE(LEFT(R16,5)) | T16: =TIMEVALUE(RIGHT(R16,5)) | U16: =IF(IF(T16<S16,(T16+1-S16)*24,(T16-S16)*24)<=6,5,8) | V16: =IF(OR(LEFT(E16,2)="BM",LEFT(E16,2)="DW"),Q16,0) | W16: =(AA16/U16)/60*V16 | X16: =IF(D16<T16,(T16-D16)*24*60,0) | Y16: =(AA16/U16)/60 | Z16: =X16*Y16 | AA16: =IF(AND(T16>=S16, S16>=TIME(9,0,0), T16<=TIME(15,0,0)),IF(LEFT(TRIM(E16:E$208),2)="DW",500,500),500) | AF16: =+AC16+AE16 | AG16: =(AA16/U16)*1.5*AF16 | AH16: =(AA16-W16-Z16-AI16-AJ16)+AG16
A17: 9 | B17: ฉัตรมงคล มาลี | C17: 46113.35 | D17: 0.72916667 | E17: BM1 | F17: เก้า | G17: =VLOOKUP(B17,Members!$B:$G,3,0) | H17: =VLOOKUP(B17,Members!$B:$G,4,0) | I17: =VLOOKUP(B17,Members!$B:$G,5,0) | J17: =VLOOKUP(B17,Members!$B:$G,6,0) | L17: =IF(ISNUMBER(SEARCH("BM", E17)),IFERROR(VLOOKUP(B17, Members!$B:$H, 7, FALSE), ""),"") | M17: =IF(D17<T17,"ออกก่อน "&TEXT((T17-D17)*24*60,"0")&" นาที","") | N17: =TEXT(C17,"hh:mm:ss") | O17: =TIMEVALUE(LEFT(N17,5)) | P17: =IF(MOD(S17,1)>=MOD(O17,1),"ตรงเวลา","มาสาย "&ROUND((MOD(O17,1)-MOD(S17,1))*1440,0)&" นาที") | Q17: =IF(S17<=O17,(O17-S17)*1440,0) | R17: 08:30 - 17:30 | S17: =TIMEVALUE(LEFT(R17,5)) | T17: =TIMEVALUE(RIGHT(R17,5)) | U17: =IF(IF(T17<S17,(T17+1-S17)*24,(T17-S17)*24)<=6,5,8) | V17: =IF(OR(LEFT(E17,2)="BM",LEFT(E17,2)="DW"),Q17,0) | W17: =(AA17/U17)/60*V17 | X17: =IF(D17<T17,(T17-D17)*24*60,0) | Y17: =(AA17/U17)/60 | Z17: =X17*Y17 | AA17: =IF(AND(T17>=S17, S17>=TIME(9,0,0), T17<=TIME(15,0,0)),IF(LEFT(TRIM(E17:E$208),2)="DW",500,500),500) | AF17: =+AC17+AE17 | AG17: =(AA17/U17)*1.5*AF17 | AH17: =(AA17-W17-Z17-AI17-AJ17)+AG17
A18: 10 | B18: นิชากร กรุดบาง | C18: 46113.35 | D18: 0.72916667 | E18: BM1 | F18: ครีม | G18: =VLOOKUP(B18,Members!$B:$G,3,0) | H18: =VLOOKUP(B18,Members!$B:$G,4,0) | I18: =VLOOKUP(B18,Members!$B:$G,5,0) | J18: =VLOOKUP(B18,Members!$B:$G,6,0) | L18: =IF(ISNUMBER(SEARCH("BM", E18)),IFERROR(VLOOKUP(B18, Members!$B:$H, 7, FALSE), ""),"") | M18: =IF(D18<T18,"ออกก่อน "&TEXT((T18-D18)*24*60,"0")&" นาที","") | N18: =TEXT(C18,"hh:mm:ss") | O18: =TIMEVALUE(LEFT(N18,5)) | P18: =IF(MOD(S18,1)>=MOD(O18,1),"ตรงเวลา","มาสาย "&ROUND((MOD(O18,1)-MOD(S18,1))*1440,0)&" นาที") | Q18: =IF(S18<=O18,(O18-S18)*1440,0) | R18: 08:30 - 17:30 | S18: =TIMEVALUE(LEFT(R18,5)) | T18: =TIMEVALUE(RIGHT(R18,5)) | U18: =IF(IF(T18<S18,(T18+1-S18)*24,(T18-S18)*24)<=6,5,8) | V18: =IF(OR(LEFT(E18,2)="BM",LEFT(E18,2)="DW"),Q18,0) | W18: =(AA18/U18)/60*V18 | X18: =IF(D18<T18,(T18-D18)*24*60,0) | Y18: =(AA18/U18)/60 | Z18: =X18*Y18 | AA18: =IF(AND(T18>=S18, S18>=TIME(9,0,0), T18<=TIME(15,0,0)),IF(LEFT(TRIM(E18:E$208),2)="DW",500,500),500) | AF18: =+AC18+AE18 | AG18: =(AA18/U18)*1.5*AF18 | AH18: =(AA18-W18-Z18-AI18-AJ18)+AG18
